period,duoarea,area-name,product,product-name,process,process-name,series,series-description,value,units
2024-01-02,ZEU,NA,EPCBRENT,UK Brent Crude Oil,PF4,Spot Price FOB,RBRTE,Europe Brent Spot Price FOB (Dollars per Barrel),76.24,$/BBL
2024-01-03,ZEU,NA,EPCBRENT,UK Brent Crude Oil,PF4,Spot Price FOB,RBRTE,Europe Brent Spot Price FOB (Dollars per Barrel),77.18,$/BBL
2024-01-04,ZEU,NA,EPCBRENT,UK Brent Crude Oil,PF4,Spot Price FOB,RBRTE,Europe Brent Spot Price FOB (Dollars per Barrel),75.79,$/BBL
2024-01-05,ZEU,NA,EPCBRENT,UK Brent Crude Oil,PF4,Spot Price FOB,RBRTE,Europe Brent Spot Price FOB (Dollars per Barrel),78.31,$/BBL
2024-01-08,ZEU,NA,EPCBRENT,UK Brent Crude Oil,PF4,Spot Price FOB,RBRTE,Europe Brent Spot Price FOB (Dollars per Barrel),75.47,$/BBL
2024-01-09,ZEU,NA,EPCBRENT,UK Brent Crude Oil,PF4,Spot Price FOB,RBRTE,Europe Brent Spot Price FOB (Dollars per Barrel),77.97,$/BBL
2024-01-10,ZEU,NA,EPCBRENT,UK Brent Crude Oil,PF4,Spot Price FOB,RBRTE,Europe Brent Spot Price FOB (Dollars per Barrel),78.46,$/BBL
2024-01-11,ZEU,NA,EPCBRENT,UK Brent Crude Oil,PF4,Spot Price FOB,RBRTE,Europe Brent Spot Price FOB (Dollars per Barrel),80.21,$/BBL
2024-01-12,ZEU,NA,EPCBRENT,UK Brent Crude Oil,PF4,Spot Price FOB,RBRTE,Europe Brent Spot Price FOB (Dollars per Barrel),79.89,$/BBL
2024-01-15,ZEU,NA,EPCBRENT,UK Brent Crude Oil,PF4,Spot Price FOB,RBRTE,Europe Brent Spot Price FOB (Dollars per Barrel),79.76,$/BBL
2024-01-16,ZEU,NA,EPCBRENT,UK Brent Crude Oil,PF4,Spot Price FOB,RBRTE,Europe Brent Spot Price FOB (Dollars per Barrel),80.15,$/BBL
2024-01-17,ZEU,NA,EPCBRENT,UK Brent Crude Oil,PF4,Spot Price FOB,RBRTE,Europe Brent Spot Price FOB (Dollars per Barrel),78.88,$/BBL
2024-01-18,ZEU,NA,EPCBRENT,UK Brent Crude Oil,PF4,Spot Price FOB,RBRTE,Europe Brent Spot Price FOB (Dollars per Barrel),81.04,$/BBL
2024-01-19,ZEU,NA,EPCBRENT,UK Brent Crude Oil,PF4,Spot Price FOB,RBRTE,Europe Brent Spot Price FOB (Dollars per Barrel),80.71,$/BBL
2024-01-22,ZEU,NA,EPCBRENT,UK Brent Crude Oil,PF4,Spot Price FOB,RBRTE,Europe Brent Spot Price FOB (Dollars per Barrel),81.7,$/BBL
2024-01-23,ZEU,NA,EPCBRENT,UK Brent Crude Oil,PF4,Spot Price FOB,RBRTE,Europe Brent Spot Price FOB (Dollars per Barrel),82.04,$/BBL
2024-01-24,ZEU,NA,EPCBRENT,UK Brent Crude Oil,PF4,Spot Price FOB,RBRTE,Europe Brent Spot Price FOB (Dollars per Barrel),82.15,$/BBL
2024-01-25,ZEU,NA,EPCBRENT,UK Brent Crude Oil,PF4,Spot Price FOB,RBRTE,Europe Brent Spot Price FOB (Dollars per Barrel),82.33,$/BBL
2024-01-26,ZEU,NA,EPCBRENT,UK Brent Crude Oil,PF4,Spot Price FOB,RBRTE,Europe Brent Spot Price FOB (Dollars per Barrel),83.34,$/BBL
2024-01-29,ZEU,NA,EPCBRENT,UK Brent Crude Oil,PF4,Spot Price FOB,RBRTE,Europe Brent Spot Price FOB (Dollars per Barrel),83.99,$/BBL
2024-01-30,ZEU,NA,EPCBRENT,UK Brent Crude Oil,PF4,Spot Price FOB,RBRTE,Europe Brent Spot Price FOB (Dollars per Barrel),84.14,$/BBL
2024-01-31,ZEU,NA,EPCBRENT,UK Brent Crude Oil,PF4,Spot Price FOB,RBRTE,Europe Brent Spot Price FOB (Dollars per Barrel),82.98,$/BBL
2024-02-01,ZEU,NA,EPCBRENT,UK Brent Crude Oil,PF4,Spot Price FOB,RBRTE,Europe Brent Spot Price FOB (Dollars per Barrel),82.2,$/BBL
2024-02-02,ZEU,NA,EPCBRENT,UK Brent Crude Oil,PF4,Spot Price FOB,RBRTE,Europe Brent Spot Price FOB (Dollars per Barrel),79.54,$/BBL
2024-02-05,ZEU,NA,EPCBRENT,UK Brent Crude Oil,PF4,Spot Price FOB,RBRTE,Europe Brent Spot Price FOB (Dollars per Barrel),79.3,$/BBL
2024-02-07,ZEU,NA,EPCBRENT,UK Brent Crude Oil,PF4,Spot Price FOB,RBRTE,Europe Brent Spot Price FOB (Dollars per Barrel),81.18,$/BBL
2024-02-08,ZEU,NA,EPCBRENT,UK Brent Crude Oil,PF4,Spot Price FOB,RBRTE,Europe Brent Spot Price FOB (Dollars per Barrel),83.01,$/BBL
2024-02-09,ZEU,NA,EPCBRENT,UK Brent Crude Oil,PF4,Spot Price FOB,RBRTE,Europe Brent Spot Price FOB (Dollars per Barrel),83.58,$/BBL
2024-02-12,ZEU,NA,EPCBRENT,UK Brent Crude Oil,PF4,Spot Price FOB,RBRTE,Europe Brent Spot Price FOB (Dollars per Barrel),83.88,$/BBL
2024-02-13,ZEU,NA,EPCBRENT,UK Brent Crude Oil,PF4,Spot Price FOB,RBRTE,Europe Brent Spot Price FOB (Dollars per Barrel),84.72,$/BBL
2024-02-14,ZEU,NA,EPCBRENT,UK Brent Crude Oil,PF4,Spot Price FOB,RBRTE,Europe Brent Spot Price FOB (Dollars per Barrel),84.41,$/BBL
2024-02-15,ZEU,NA,EPCBRENT,UK Brent Crude Oil,PF4,Spot Price FOB,RBRTE,Europe Brent Spot Price FOB (Dollars per Barrel),84.33,$/BBL
2024-02-16,ZEU,NA,EPCBRENT,UK Brent Crude Oil,PF4,Spot Price FOB,RBRTE,Europe Brent Spot Price FOB (Dollars per Barrel),84.88,$/BBL
2024-02-19,ZEU,NA,EPCBRENT,UK Brent Crude Oil,PF4,Spot Price FOB,RBRTE,Europe Brent Spot Price FOB (Dollars per Barrel),85.52,$/BBL
2024-02-20,ZEU,NA,EPCBRENT,UK Brent Crude Oil,PF4,Spot Price FOB,RBRTE,Europe Brent Spot Price FOB (Dollars per Barrel),84.78,$/BBL
2024-02-21,ZEU,NA,EPCBRENT,UK Brent Crude Oil,PF4,Spot Price FOB,RBRTE,Europe Brent Spot Price FOB (Dollars per Barrel),84.77,$/BBL
2024-02-22,ZEU,NA,EPCBRENT,UK Brent Crude Oil,PF4,Spot Price FOB,RBRTE,Europe Brent Spot Price FOB (Dollars per Barrel),85.84,$/BBL
2024-02-23,ZEU,NA,EPCBRENT,UK Brent Crude Oil,PF4,Spot Price FOB,RBRTE,Europe Brent Spot Price FOB (Dollars per Barrel),84.18,$/BBL
2024-02-26,ZEU,NA,EPCBRENT,UK Brent Crude Oil,PF4,Spot Price FOB,RBRTE,Europe Brent Spot Price FOB (Dollars per Barrel),84.01,$/BBL
2024-02-27,ZEU,NA,EPCBRENT,UK Brent Crude Oil,PF4,Spot Price FOB,RBRTE,Europe Brent Spot Price FOB (Dollars per Barrel),83.8,$/BBL
2024-02-28,ZEU,NA,EPCBRENT,UK Brent Crude Oil,PF4,Spot Price FOB,RBRTE,Europe Brent Spot Price FOB (Dollars per Barrel),84.08,$/BBL
2024-02-29,ZEU,NA,EPCBRENT,UK Brent Crude Oil,PF4,Spot Price FOB,RBRTE,Europe Brent Spot Price FOB (Dollars per Barrel),84.57,$/BBL
2024-03-01,ZEU,NA,EPCBRENT,UK Brent Crude Oil,PF4,Spot Price FOB,RBRTE,Europe Brent Spot Price FOB (Dollars per Barrel),84.82,$/BBL
2024-03-04,ZEU,NA,EPCBRENT,UK Brent Crude Oil,PF4,Spot Price FOB,RBRTE,Europe Brent Spot Price FOB (Dollars per Barrel),86.58,$/BBL
2024-03-05,ZEU,NA,EPCBRENT,UK Brent Crude Oil,PF4,Spot Price FOB,RBRTE,Europe Brent Spot Price FOB (Dollars per Barrel),85.82,$/BBL
2024-03-06,ZEU,NA,EPCBRENT,UK Brent Crude Oil,PF4,Spot Price FOB,RBRTE,Europe Brent Spot Price FOB (Dollars per Barrel),86.59,$/BBL
2024-03-07,ZEU,NA,EPCBRENT,UK Brent Crude Oil,PF4,Spot Price FOB,RBRTE,Europe Brent Spot Price FOB (Dollars per Barrel),84.88,$/BBL
2024-03-08,ZEU,NA,EPCBRENT,UK Brent Crude Oil,PF4,Spot Price FOB,RBRTE,Europe Brent Spot Price FOB (Dollars per Barrel),84.29,$/BBL
2024-03-11,ZEU,NA,EPCBRENT,UK Brent Crude Oil,PF4,Spot Price FOB,RBRTE,Europe Brent Spot Price FOB (Dollars per Barrel),83.44,$/BBL
2024-03-12,ZEU,NA,EPCBRENT,UK Brent Crude Oil,PF4,Spot Price FOB,RBRTE,Europe Brent Spot Price FOB (Dollars per Barrel),83.66,$/BBL
2024-03-13,ZEU,NA,EPCBRENT,UK Brent Crude Oil,PF4,Spot Price FOB,RBRTE,Europe Brent Spot Price FOB (Dollars per Barrel),83.95,$/BBL
2024-03-14,ZEU,NA,EPCBRENT,UK Brent Crude Oil,PF4,Spot Price FOB,RBRTE,Europe Brent Spot Price FOB (Dollars per Barrel),86.16,$/BBL
2024-03-15,ZEU,NA,EPCBRENT,UK Brent Crude Oil,PF4,Spot Price FOB,RBRTE,Europe Brent Spot Price FOB (Dollars per Barrel),85.39,$/BBL
2024-03-18,ZEU,NA,EPCBRENT,UK Brent Crude Oil,PF4,Spot Price FOB,RBRTE,Europe Brent Spot Price FOB (Dollars per Barrel),86.47,$/BBL
2024-03-19,ZEU,NA,EPCBRENT,UK Brent Crude Oil,PF4,Spot Price FOB,RBRTE,Europe Brent Spot Price FOB (Dollars per Barrel),87.36,$/BBL
2024-03-20,ZEU,NA,EPCBRENT,UK Brent Crude Oil,PF4,Spot Price FOB,RBRTE,Europe Brent Spot Price FOB (Dollars per Barrel),85.77,$/BBL
2024-03-21,ZEU,NA,EPCBRENT,UK Brent Crude Oil,PF4,Spot Price FOB,RBRTE,Europe Brent Spot Price FOB (Dollars per Barrel),84.92,$/BBL
2024-03-22,ZEU,NA,EPCBRENT,UK Brent Crude Oil,PF4,Spot Price FOB,RBRTE,Europe Brent Spot Price FOB (Dollars per Barrel),84.87,$/BBL
2024-03-25,ZEU,NA,EPCBRENT,UK Brent Crude Oil,PF4,Spot Price FOB,RBRTE,Europe Brent Spot Price FOB (Dollars per Barrel),86.18,$/BBL
2024-03-26,ZEU,NA,EPCBRENT,UK Brent Crude Oil,PF4,Spot Price FOB,RBRTE,Europe Brent Spot Price FOB (Dollars per Barrel),85.91,$/BBL
2024-03-27,ZEU,NA,EPCBRENT,UK Brent Crude Oil,PF4,Spot Price FOB,RBRTE,Europe Brent Spot Price FOB (Dollars per Barrel),84.94,$/BBL
2024-03-28,ZEU,NA,EPCBRENT,UK Brent Crude Oil,PF4,Spot Price FOB,RBRTE,Europe Brent Spot Price FOB (Dollars per Barrel),86.17,$/BBL
2024-04-02,ZEU,NA,EPCBRENT,UK Brent Crude Oil,PF4,Spot Price FOB,RBRTE,Europe Brent Spot Price FOB (Dollars per Barrel),87.63,$/BBL
2024-04-03,ZEU,NA,EPCBRENT,UK Brent Crude Oil,PF4,Spot Price FOB,RBRTE,Europe Brent Spot Price FOB (Dollars per Barrel),90.6,$/BBL
2024-04-04,ZEU,NA,EPCBRENT,UK Brent Crude Oil,PF4,Spot Price FOB,RBRTE,Europe Brent Spot Price FOB (Dollars per Barrel),90.32,$/BBL
2024-04-05,ZEU,NA,EPCBRENT,UK Brent Crude Oil,PF4,Spot Price FOB,RBRTE,Europe Brent Spot Price FOB (Dollars per Barrel),92.81,$/BBL
2024-04-08,ZEU,NA,EPCBRENT,UK Brent Crude Oil,PF4,Spot Price FOB,RBRTE,Europe Brent Spot Price FOB (Dollars per Barrel),91.73,$/BBL
2024-04-09,ZEU,NA,EPCBRENT,UK Brent Crude Oil,PF4,Spot Price FOB,RBRTE,Europe Brent Spot Price FOB (Dollars per Barrel),92.13,$/BBL
2024-04-10,ZEU,NA,EPCBRENT,UK Brent Crude Oil,PF4,Spot Price FOB,RBRTE,Europe Brent Spot Price FOB (Dollars per Barrel),91.57,$/BBL
2024-04-11,ZEU,NA,EPCBRENT,UK Brent Crude Oil,PF4,Spot Price FOB,RBRTE,Europe Brent Spot Price FOB (Dollars per Barrel),91.49,$/BBL
2024-04-12,ZEU,NA,EPCBRENT,UK Brent Crude Oil,PF4,Spot Price FOB,RBRTE,Europe Brent Spot Price FOB (Dollars per Barrel),93.12,$/BBL
2024-04-15,ZEU,NA,EPCBRENT,UK Brent Crude Oil,PF4,Spot Price FOB,RBRTE,Europe Brent Spot Price FOB (Dollars per Barrel),90.84,$/BBL
2024-04-17,ZEU,NA,EPCBRENT,UK Brent Crude Oil,PF4,Spot Price FOB,RBRTE,Europe Brent Spot Price FOB (Dollars per Barrel),89.54,$/BBL
2024-04-18,ZEU,NA,EPCBRENT,UK Brent Crude Oil,PF4,Spot Price FOB,RBRTE,Europe Brent Spot Price FOB (Dollars per Barrel),88.34,$/BBL
2024-04-19,ZEU,NA,EPCBRENT,UK Brent Crude Oil,PF4,Spot Price FOB,RBRTE,Europe Brent Spot Price FOB (Dollars per Barrel),87.96,$/BBL
2024-04-22,ZEU,NA,EPCBRENT,UK Brent Crude Oil,PF4,Spot Price FOB,RBRTE,Europe Brent Spot Price FOB (Dollars per Barrel),87.3,$/BBL
2024-04-23,ZEU,NA,EPCBRENT,UK Brent Crude Oil,PF4,Spot Price FOB,RBRTE,Europe Brent Spot Price FOB (Dollars per Barrel),88.29,$/BBL
2024-04-24,ZEU,NA,EPCBRENT,UK Brent Crude Oil,PF4,Spot Price FOB,RBRTE,Europe Brent Spot Price FOB (Dollars per Barrel),89.02,$/BBL
2024-04-25,ZEU,NA,EPCBRENT,UK Brent Crude Oil,PF4,Spot Price FOB,RBRTE,Europe Brent Spot Price FOB (Dollars per Barrel),88.1,$/BBL
2024-04-26,ZEU,NA,EPCBRENT,UK Brent Crude Oil,PF4,Spot Price FOB,RBRTE,Europe Brent Spot Price FOB (Dollars per Barrel),89.95,$/BBL
2024-04-29,ZEU,NA,EPCBRENT,UK Brent Crude Oil,PF4,Spot Price FOB,RBRTE,Europe Brent Spot Price FOB (Dollars per Barrel),88.44,$/BBL
2024-04-30,ZEU,NA,EPCBRENT,UK Brent Crude Oil,PF4,Spot Price FOB,RBRTE,Europe Brent Spot Price FOB (Dollars per Barrel),88.23,$/BBL
2024-05-01,ZEU,NA,EPCBRENT,UK Brent Crude Oil,PF4,Spot Price FOB,RBRTE,Europe Brent Spot Price FOB (Dollars per Barrel),83.55,$/BBL
2024-05-02,ZEU,NA,EPCBRENT,UK Brent Crude Oil,PF4,Spot Price FOB,RBRTE,Europe Brent Spot Price FOB (Dollars per Barrel),84.81,$/BBL
2024-05-03,ZEU,NA,EPCBRENT,UK Brent Crude Oil,PF4,Spot Price FOB,RBRTE,Europe Brent Spot Price FOB (Dollars per Barrel),83.6,$/BBL
2024-05-07,ZEU,NA,EPCBRENT,UK Brent Crude Oil,PF4,Spot Price FOB,RBRTE,Europe Brent Spot Price FOB (Dollars per Barrel),82.69,$/BBL
2024-05-08,ZEU,NA,EPCBRENT,UK Brent Crude Oil,PF4,Spot Price FOB,RBRTE,Europe Brent Spot Price FOB (Dollars per Barrel),82.44,$/BBL
2024-05-09,ZEU,NA,EPCBRENT,UK Brent Crude Oil,PF4,Spot Price FOB,RBRTE,Europe Brent Spot Price FOB (Dollars per Barrel),83.27,$/BBL
2024-05-10,ZEU,NA,EPCBRENT,UK Brent Crude Oil,PF4,Spot Price FOB,RBRTE,Europe Brent Spot Price FOB (Dollars per Barrel),83.39,$/BBL
2024-05-13,ZEU,NA,EPCBRENT,UK Brent Crude Oil,PF4,Spot Price FOB,RBRTE,Europe Brent Spot Price FOB (Dollars per Barrel),83.18,$/BBL
2024-05-14,ZEU,NA,EPCBRENT,UK Brent Crude Oil,PF4,Spot Price FOB,RBRTE,Europe Brent Spot Price FOB (Dollars per Barrel),81,$/BBL
2024-05-15,ZEU,NA,EPCBRENT,UK Brent Crude Oil,PF4,Spot Price FOB,RBRTE,Europe Brent Spot Price FOB (Dollars per Barrel),79.98,$/BBL
2024-05-16,ZEU,NA,EPCBRENT,UK Brent Crude Oil,PF4,Spot Price FOB,RBRTE,Europe Brent Spot Price FOB (Dollars per Barrel),81.65,$/BBL
2024-05-17,ZEU,NA,EPCBRENT,UK Brent Crude Oil,PF4,Spot Price FOB,RBRTE,Europe Brent Spot Price FOB (Dollars per Barrel),82.24,$/BBL
2024-05-20,ZEU,NA,EPCBRENT,UK Brent Crude Oil,PF4,Spot Price FOB,RBRTE,Europe Brent Spot Price FOB (Dollars per Barrel),81.91,$/BBL
2024-05-21,ZEU,NA,EPCBRENT,UK Brent Crude Oil,PF4,Spot Price FOB,RBRTE,Europe Brent Spot Price FOB (Dollars per Barrel),81.22,$/BBL
2024-05-22,ZEU,NA,EPCBRENT,UK Brent Crude Oil,PF4,Spot Price FOB,RBRTE,Europe Brent Spot Price FOB (Dollars per Barrel),79.9,$/BBL
2024-05-23,ZEU,NA,EPCBRENT,UK Brent Crude Oil,PF4,Spot Price FOB,RBRTE,Europe Brent Spot Price FOB (Dollars per Barrel),79.25,$/BBL
2024-05-24,ZEU,NA,EPCBRENT,UK Brent Crude Oil,PF4,Spot Price FOB,RBRTE,Europe Brent Spot Price FOB (Dollars per Barrel),78.92,$/BBL
2024-05-28,ZEU,NA,EPCBRENT,UK Brent Crude Oil,PF4,Spot Price FOB,RBRTE,Europe Brent Spot Price FOB (Dollars per Barrel),81.34,$/BBL
2024-05-29,ZEU,NA,EPCBRENT,UK Brent Crude Oil,PF4,Spot Price FOB,RBRTE,Europe Brent Spot Price FOB (Dollars per Barrel),81.5,$/BBL
2024-05-30,ZEU,NA,EPCBRENT,UK Brent Crude Oil,PF4,Spot Price FOB,RBRTE,Europe Brent Spot Price FOB (Dollars per Barrel),81.42,$/BBL
2024-05-31,ZEU,NA,EPCBRENT,UK Brent Crude Oil,PF4,Spot Price FOB,RBRTE,Europe Brent Spot Price FOB (Dollars per Barrel),79.41,$/BBL
2024-06-03,ZEU,NA,EPCBRENT,UK Brent Crude Oil,PF4,Spot Price FOB,RBRTE,Europe Brent Spot Price FOB (Dollars per Barrel),76.45,$/BBL
2024-06-04,ZEU,NA,EPCBRENT,UK Brent Crude Oil,PF4,Spot Price FOB,RBRTE,Europe Brent Spot Price FOB (Dollars per Barrel),75.33,$/BBL
2024-06-05,ZEU,NA,EPCBRENT,UK Brent Crude Oil,PF4,Spot Price FOB,RBRTE,Europe Brent Spot Price FOB (Dollars per Barrel),75.41,$/BBL
2024-06-06,ZEU,NA,EPCBRENT,UK Brent Crude Oil,PF4,Spot Price FOB,RBRTE,Europe Brent Spot Price FOB (Dollars per Barrel),77.62,$/BBL
2024-06-07,ZEU,NA,EPCBRENT,UK Brent Crude Oil,PF4,Spot Price FOB,RBRTE,Europe Brent Spot Price FOB (Dollars per Barrel),78.12,$/BBL
2024-06-10,ZEU,NA,EPCBRENT,UK Brent Crude Oil,PF4,Spot Price FOB,RBRTE,Europe Brent Spot Price FOB (Dollars per Barrel),79.59,$/BBL
2024-06-11,ZEU,NA,EPCBRENT,UK Brent Crude Oil,PF4,Spot Price FOB,RBRTE,Europe Brent Spot Price FOB (Dollars per Barrel),80.15,$/BBL
2024-06-12,ZEU,NA,EPCBRENT,UK Brent Crude Oil,PF4,Spot Price FOB,RBRTE,Europe Brent Spot Price FOB (Dollars per Barrel),80.52,$/BBL
2024-06-13,ZEU,NA,EPCBRENT,UK Brent Crude Oil,PF4,Spot Price FOB,RBRTE,Europe Brent Spot Price FOB (Dollars per Barrel),81.44,$/BBL
2024-06-14,ZEU,NA,EPCBRENT,UK Brent Crude Oil,PF4,Spot Price FOB,RBRTE,Europe Brent Spot Price FOB (Dollars per Barrel),81.49,$/BBL
2024-06-17,ZEU,NA,EPCBRENT,UK Brent Crude Oil,PF4,Spot Price FOB,RBRTE,Europe Brent Spot Price FOB (Dollars per Barrel),82.45,$/BBL
2024-06-18,ZEU,NA,EPCBRENT,UK Brent Crude Oil,PF4,Spot Price FOB,RBRTE,Europe Brent Spot Price FOB (Dollars per Barrel),84.79,$/BBL
2024-06-19,ZEU,NA,EPCBRENT,UK Brent Crude Oil,PF4,Spot Price FOB,RBRTE,Europe Brent Spot Price FOB (Dollars per Barrel),85.64,$/BBL
2024-06-20,ZEU,NA,EPCBRENT,UK Brent Crude Oil,PF4,Spot Price FOB,RBRTE,Europe Brent Spot Price FOB (Dollars per Barrel),85.92,$/BBL
2024-06-21,ZEU,NA,EPCBRENT,UK Brent Crude Oil,PF4,Spot Price FOB,RBRTE,Europe Brent Spot Price FOB (Dollars per Barrel),86.42,$/BBL
2024-06-24,ZEU,NA,EPCBRENT,UK Brent Crude Oil,PF4,Spot Price FOB,RBRTE,Europe Brent Spot Price FOB (Dollars per Barrel),86.75,$/BBL
2024-06-25,ZEU,NA,EPCBRENT,UK Brent Crude Oil,PF4,Spot Price FOB,RBRTE,Europe Brent Spot Price FOB (Dollars per Barrel),86.81,$/BBL
2024-06-26,ZEU,NA,EPCBRENT,UK Brent Crude Oil,PF4,Spot Price FOB,RBRTE,Europe Brent Spot Price FOB (Dollars per Barrel),85.76,$/BBL
2024-06-27,ZEU,NA,EPCBRENT,UK Brent Crude Oil,PF4,Spot Price FOB,RBRTE,Europe Brent Spot Price FOB (Dollars per Barrel),87,$/BBL
2024-06-28,ZEU,NA,EPCBRENT,UK Brent Crude Oil,PF4,Spot Price FOB,RBRTE,Europe Brent Spot Price FOB (Dollars per Barrel),87.26,$/BBL
2024-07-01,ZEU,NA,EPCBRENT,UK Brent Crude Oil,PF4,Spot Price FOB,RBRTE,Europe Brent Spot Price FOB (Dollars per Barrel),86.57,$/BBL
2024-07-02,ZEU,NA,EPCBRENT,UK Brent Crude Oil,PF4,Spot Price FOB,RBRTE,Europe Brent Spot Price FOB (Dollars per Barrel),88.28,$/BBL
2024-07-03,ZEU,NA,EPCBRENT,UK Brent Crude Oil,PF4,Spot Price FOB,RBRTE,Europe Brent Spot Price FOB (Dollars per Barrel),88.25,$/BBL
2024-07-04,ZEU,NA,EPCBRENT,UK Brent Crude Oil,PF4,Spot Price FOB,RBRTE,Europe Brent Spot Price FOB (Dollars per Barrel),88.34,$/BBL
2024-07-05,ZEU,NA,EPCBRENT,UK Brent Crude Oil,PF4,Spot Price FOB,RBRTE,Europe Brent Spot Price FOB (Dollars per Barrel),88.66,$/BBL
2024-07-08,ZEU,NA,EPCBRENT,UK Brent Crude Oil,PF4,Spot Price FOB,RBRTE,Europe Brent Spot Price FOB (Dollars per Barrel),87.15,$/BBL
2024-07-09,ZEU,NA,EPCBRENT,UK Brent Crude Oil,PF4,Spot Price FOB,RBRTE,Europe Brent Spot Price FOB (Dollars per Barrel),86.48,$/BBL
2024-07-10,ZEU,NA,EPCBRENT,UK Brent Crude Oil,PF4,Spot Price FOB,RBRTE,Europe Brent Spot Price FOB (Dollars per Barrel),86.55,$/BBL
2024-07-11,ZEU,NA,EPCBRENT,UK Brent Crude Oil,PF4,Spot Price FOB,RBRTE,Europe Brent Spot Price FOB (Dollars per Barrel),86.49,$/BBL
2024-07-12,ZEU,NA,EPCBRENT,UK Brent Crude Oil,PF4,Spot Price FOB,RBRTE,Europe Brent Spot Price FOB (Dollars per Barrel),87.35,$/BBL
2024-07-15,ZEU,NA,EPCBRENT,UK Brent Crude Oil,PF4,Spot Price FOB,RBRTE,Europe Brent Spot Price FOB (Dollars per Barrel),86.42,$/BBL
2024-07-16,ZEU,NA,EPCBRENT,UK Brent Crude Oil,PF4,Spot Price FOB,RBRTE,Europe Brent Spot Price FOB (Dollars per Barrel),86.6,$/BBL
2024-07-17,ZEU,NA,EPCBRENT,UK Brent Crude Oil,PF4,Spot Price FOB,RBRTE,Europe Brent Spot Price FOB (Dollars per Barrel),85.76,$/BBL
2024-07-18,ZEU,NA,EPCBRENT,UK Brent Crude Oil,PF4,Spot Price FOB,RBRTE,Europe Brent Spot Price FOB (Dollars per Barrel),86.26,$/BBL
2024-07-19,ZEU,NA,EPCBRENT,UK Brent Crude Oil,PF4,Spot Price FOB,RBRTE,Europe Brent Spot Price FOB (Dollars per Barrel),85.19,$/BBL
2024-07-22,ZEU,NA,EPCBRENT,UK Brent Crude Oil,PF4,Spot Price FOB,RBRTE,Europe Brent Spot Price FOB (Dollars per Barrel),83.44,$/BBL
2024-07-23,ZEU,NA,EPCBRENT,UK Brent Crude Oil,PF4,Spot Price FOB,RBRTE,Europe Brent Spot Price FOB (Dollars per Barrel),82.2,$/BBL
2024-07-24,ZEU,NA,EPCBRENT,UK Brent Crude Oil,PF4,Spot Price FOB,RBRTE,Europe Brent Spot Price FOB (Dollars per Barrel),83.01,$/BBL
2024-07-25,ZEU,NA,EPCBRENT,UK Brent Crude Oil,PF4,Spot Price FOB,RBRTE,Europe Brent Spot Price FOB (Dollars per Barrel),82.58,$/BBL
2024-07-26,ZEU,NA,EPCBRENT,UK Brent Crude Oil,PF4,Spot Price FOB,RBRTE,Europe Brent Spot Price FOB (Dollars per Barrel),81.35,$/BBL
2024-07-29,ZEU,NA,EPCBRENT,UK Brent Crude Oil,PF4,Spot Price FOB,RBRTE,Europe Brent Spot Price FOB (Dollars per Barrel),80.94,$/BBL
2024-07-30,ZEU,NA,EPCBRENT,UK Brent Crude Oil,PF4,Spot Price FOB,RBRTE,Europe Brent Spot Price FOB (Dollars per Barrel),79.26,$/BBL
2024-07-31,ZEU,NA,EPCBRENT,UK Brent Crude Oil,PF4,Spot Price FOB,RBRTE,Europe Brent Spot Price FOB (Dollars per Barrel),81.39,$/BBL
2024-08-01,ZEU,NA,EPCBRENT,UK Brent Crude Oil,PF4,Spot Price FOB,RBRTE,Europe Brent Spot Price FOB (Dollars per Barrel),81.37,$/BBL
2024-08-02,ZEU,NA,EPCBRENT,UK Brent Crude Oil,PF4,Spot Price FOB,RBRTE,Europe Brent Spot Price FOB (Dollars per Barrel),78.35,$/BBL
2024-08-05,ZEU,NA,EPCBRENT,UK Brent Crude Oil,PF4,Spot Price FOB,RBRTE,Europe Brent Spot Price FOB (Dollars per Barrel),77.51,$/BBL
2024-08-06,ZEU,NA,EPCBRENT,UK Brent Crude Oil,PF4,Spot Price FOB,RBRTE,Europe Brent Spot Price FOB (Dollars per Barrel),76.62,$/BBL
2024-08-07,ZEU,NA,EPCBRENT,UK Brent Crude Oil,PF4,Spot Price FOB,RBRTE,Europe Brent Spot Price FOB (Dollars per Barrel),78.26,$/BBL
2024-08-08,ZEU,NA,EPCBRENT,UK Brent Crude Oil,PF4,Spot Price FOB,RBRTE,Europe Brent Spot Price FOB (Dollars per Barrel),80.76,$/BBL
2024-08-09,ZEU,NA,EPCBRENT,UK Brent Crude Oil,PF4,Spot Price FOB,RBRTE,Europe Brent Spot Price FOB (Dollars per Barrel),81.07,$/BBL
2024-08-12,ZEU,NA,EPCBRENT,UK Brent Crude Oil,PF4,Spot Price FOB,RBRTE,Europe Brent Spot Price FOB (Dollars per Barrel),83.06,$/BBL
2024-08-13,ZEU,NA,EPCBRENT,UK Brent Crude Oil,PF4,Spot Price FOB,RBRTE,Europe Brent Spot Price FOB (Dollars per Barrel),82.51,$/BBL
2024-08-14,ZEU,NA,EPCBRENT,UK Brent Crude Oil,PF4,Spot Price FOB,RBRTE,Europe Brent Spot Price FOB (Dollars per Barrel),82.15,$/BBL
2024-08-15,ZEU,NA,EPCBRENT,UK Brent Crude Oil,PF4,Spot Price FOB,RBRTE,Europe Brent Spot Price FOB (Dollars per Barrel),83.09,$/BBL
2024-08-16,ZEU,NA,EPCBRENT,UK Brent Crude Oil,PF4,Spot Price FOB,RBRTE,Europe Brent Spot Price FOB (Dollars per Barrel),81.56,$/BBL
2024-08-19,ZEU,NA,EPCBRENT,UK Brent Crude Oil,PF4,Spot Price FOB,RBRTE,Europe Brent Spot Price FOB (Dollars per Barrel),81.09,$/BBL
2024-08-20,ZEU,NA,EPCBRENT,UK Brent Crude Oil,PF4,Spot Price FOB,RBRTE,Europe Brent Spot Price FOB (Dollars per Barrel),78.85,$/BBL
2024-08-21,ZEU,NA,EPCBRENT,UK Brent Crude Oil,PF4,Spot Price FOB,RBRTE,Europe Brent Spot Price FOB (Dollars per Barrel),78.77,$/BBL
2024-08-22,ZEU,NA,EPCBRENT,UK Brent Crude Oil,PF4,Spot Price FOB,RBRTE,Europe Brent Spot Price FOB (Dollars per Barrel),78.8,$/BBL
2024-08-23,ZEU,NA,EPCBRENT,UK Brent Crude Oil,PF4,Spot Price FOB,RBRTE,Europe Brent Spot Price FOB (Dollars per Barrel),80.34,$/BBL
2024-08-27,ZEU,NA,EPCBRENT,UK Brent Crude Oil,PF4,Spot Price FOB,RBRTE,Europe Brent Spot Price FOB (Dollars per Barrel),81.51,$/BBL
2024-08-28,ZEU,NA,EPCBRENT,UK Brent Crude Oil,PF4,Spot Price FOB,RBRTE,Europe Brent Spot Price FOB (Dollars per Barrel),80.04,$/BBL
2024-08-29,ZEU,NA,EPCBRENT,UK Brent Crude Oil,PF4,Spot Price FOB,RBRTE,Europe Brent Spot Price FOB (Dollars per Barrel),81.55,$/BBL
2024-08-30,ZEU,NA,EPCBRENT,UK Brent Crude Oil,PF4,Spot Price FOB,RBRTE,Europe Brent Spot Price FOB (Dollars per Barrel),80.2,$/BBL
2024-09-02,ZEU,NA,EPCBRENT,UK Brent Crude Oil,PF4,Spot Price FOB,RBRTE,Europe Brent Spot Price FOB (Dollars per Barrel),77.82,$/BBL
2024-09-03,ZEU,NA,EPCBRENT,UK Brent Crude Oil,PF4,Spot Price FOB,RBRTE,Europe Brent Spot Price FOB (Dollars per Barrel),76.46,$/BBL
2024-09-04,ZEU,NA,EPCBRENT,UK Brent Crude Oil,PF4,Spot Price FOB,RBRTE,Europe Brent Spot Price FOB (Dollars per Barrel),74.67,$/BBL
2024-09-05,ZEU,NA,EPCBRENT,UK Brent Crude Oil,PF4,Spot Price FOB,RBRTE,Europe Brent Spot Price FOB (Dollars per Barrel),74.47,$/BBL
2024-09-06,ZEU,NA,EPCBRENT,UK Brent Crude Oil,PF4,Spot Price FOB,RBRTE,Europe Brent Spot Price FOB (Dollars per Barrel),72.82,$/BBL
2024-09-09,ZEU,NA,EPCBRENT,UK Brent Crude Oil,PF4,Spot Price FOB,RBRTE,Europe Brent Spot Price FOB (Dollars per Barrel),72.37,$/BBL
2024-09-10,ZEU,NA,EPCBRENT,UK Brent Crude Oil,PF4,Spot Price FOB,RBRTE,Europe Brent Spot Price FOB (Dollars per Barrel),70.34,$/BBL
2024-09-11,ZEU,NA,EPCBRENT,UK Brent Crude Oil,PF4,Spot Price FOB,RBRTE,Europe Brent Spot Price FOB (Dollars per Barrel),70.31,$/BBL
2024-09-12,ZEU,NA,EPCBRENT,UK Brent Crude Oil,PF4,Spot Price FOB,RBRTE,Europe Brent Spot Price FOB (Dollars per Barrel),73.81,$/BBL
2024-09-13,ZEU,NA,EPCBRENT,UK Brent Crude Oil,PF4,Spot Price FOB,RBRTE,Europe Brent Spot Price FOB (Dollars per Barrel),73.68,$/BBL
2024-09-16,ZEU,NA,EPCBRENT,UK Brent Crude Oil,PF4,Spot Price FOB,RBRTE,Europe Brent Spot Price FOB (Dollars per Barrel),73.96,$/BBL
2024-09-17,ZEU,NA,EPCBRENT,UK Brent Crude Oil,PF4,Spot Price FOB,RBRTE,Europe Brent Spot Price FOB (Dollars per Barrel),74.55,$/BBL
2024-09-18,ZEU,NA,EPCBRENT,UK Brent Crude Oil,PF4,Spot Price FOB,RBRTE,Europe Brent Spot Price FOB (Dollars per Barrel),74.52,$/BBL
2024-09-19,ZEU,NA,EPCBRENT,UK Brent Crude Oil,PF4,Spot Price FOB,RBRTE,Europe Brent Spot Price FOB (Dollars per Barrel),75.93,$/BBL
2024-09-20,ZEU,NA,EPCBRENT,UK Brent Crude Oil,PF4,Spot Price FOB,RBRTE,Europe Brent Spot Price FOB (Dollars per Barrel),75.96,$/BBL
2024-09-23,ZEU,NA,EPCBRENT,UK Brent Crude Oil,PF4,Spot Price FOB,RBRTE,Europe Brent Spot Price FOB (Dollars per Barrel),74.95,$/BBL
2024-09-24,ZEU,NA,EPCBRENT,UK Brent Crude Oil,PF4,Spot Price FOB,RBRTE,Europe Brent Spot Price FOB (Dollars per Barrel),75.29,$/BBL
2024-09-25,ZEU,NA,EPCBRENT,UK Brent Crude Oil,PF4,Spot Price FOB,RBRTE,Europe Brent Spot Price FOB (Dollars per Barrel),75.4,$/BBL
2024-09-26,ZEU,NA,EPCBRENT,UK Brent Crude Oil,PF4,Spot Price FOB,RBRTE,Europe Brent Spot Price FOB (Dollars per Barrel),73.06,$/BBL
2024-09-27,ZEU,NA,EPCBRENT,UK Brent Crude Oil,PF4,Spot Price FOB,RBRTE,Europe Brent Spot Price FOB (Dollars per Barrel),71.63,$/BBL
2024-09-30,ZEU,NA,EPCBRENT,UK Brent Crude Oil,PF4,Spot Price FOB,RBRTE,Europe Brent Spot Price FOB (Dollars per Barrel),72.35,$/BBL
2024-10-01,ZEU,NA,EPCBRENT,UK Brent Crude Oil,PF4,Spot Price FOB,RBRTE,Europe Brent Spot Price FOB (Dollars per Barrel),75.3,$/BBL
2024-10-02,ZEU,NA,EPCBRENT,UK Brent Crude Oil,PF4,Spot Price FOB,RBRTE,Europe Brent Spot Price FOB (Dollars per Barrel),74.86,$/BBL
2024-10-03,ZEU,NA,EPCBRENT,UK Brent Crude Oil,PF4,Spot Price FOB,RBRTE,Europe Brent Spot Price FOB (Dollars per Barrel),77.57,$/BBL
2024-10-04,ZEU,NA,EPCBRENT,UK Brent Crude Oil,PF4,Spot Price FOB,RBRTE,Europe Brent Spot Price FOB (Dollars per Barrel),79.32,$/BBL
2024-10-07,ZEU,NA,EPCBRENT,UK Brent Crude Oil,PF4,Spot Price FOB,RBRTE,Europe Brent Spot Price FOB (Dollars per Barrel),81.74,$/BBL
2024-10-08,ZEU,NA,EPCBRENT,UK Brent Crude Oil,PF4,Spot Price FOB,RBRTE,Europe Brent Spot Price FOB (Dollars per Barrel),78.19,$/BBL
2024-10-09,ZEU,NA,EPCBRENT,UK Brent Crude Oil,PF4,Spot Price FOB,RBRTE,Europe Brent Spot Price FOB (Dollars per Barrel),77.06,$/BBL
2024-10-10,ZEU,NA,EPCBRENT,UK Brent Crude Oil,PF4,Spot Price FOB,RBRTE,Europe Brent Spot Price FOB (Dollars per Barrel),79.45,$/BBL
2024-10-11,ZEU,NA,EPCBRENT,UK Brent Crude Oil,PF4,Spot Price FOB,RBRTE,Europe Brent Spot Price FOB (Dollars per Barrel),80.27,$/BBL
2024-10-14,ZEU,NA,EPCBRENT,UK Brent Crude Oil,PF4,Spot Price FOB,RBRTE,Europe Brent Spot Price FOB (Dollars per Barrel),78.47,$/BBL
2024-10-15,ZEU,NA,EPCBRENT,UK Brent Crude Oil,PF4,Spot Price FOB,RBRTE,Europe Brent Spot Price FOB (Dollars per Barrel),73.68,$/BBL
2024-10-16,ZEU,NA,EPCBRENT,UK Brent Crude Oil,PF4,Spot Price FOB,RBRTE,Europe Brent Spot Price FOB (Dollars per Barrel),73.65,$/BBL
2024-10-17,ZEU,NA,EPCBRENT,UK Brent Crude Oil,PF4,Spot Price FOB,RBRTE,Europe Brent Spot Price FOB (Dollars per Barrel),74.37,$/BBL
2024-10-18,ZEU,NA,EPCBRENT,UK Brent Crude Oil,PF4,Spot Price FOB,RBRTE,Europe Brent Spot Price FOB (Dollars per Barrel),72.75,$/BBL
2024-10-21,ZEU,NA,EPCBRENT,UK Brent Crude Oil,PF4,Spot Price FOB,RBRTE,Europe Brent Spot Price FOB (Dollars per Barrel),73.29,$/BBL
2024-10-22,ZEU,NA,EPCBRENT,UK Brent Crude Oil,PF4,Spot Price FOB,RBRTE,Europe Brent Spot Price FOB (Dollars per Barrel),75.59,$/BBL
2024-10-23,ZEU,NA,EPCBRENT,UK Brent Crude Oil,PF4,Spot Price FOB,RBRTE,Europe Brent Spot Price FOB (Dollars per Barrel),74.68,$/BBL
2024-10-24,ZEU,NA,EPCBRENT,UK Brent Crude Oil,PF4,Spot Price FOB,RBRTE,Europe Brent Spot Price FOB (Dollars per Barrel),74.27,$/BBL
2024-10-25,ZEU,NA,EPCBRENT,UK Brent Crude Oil,PF4,Spot Price FOB,RBRTE,Europe Brent Spot Price FOB (Dollars per Barrel),75.62,$/BBL
2024-10-28,ZEU,NA,EPCBRENT,UK Brent Crude Oil,PF4,Spot Price FOB,RBRTE,Europe Brent Spot Price FOB (Dollars per Barrel),71.87,$/BBL
2024-10-29,ZEU,NA,EPCBRENT,UK Brent Crude Oil,PF4,Spot Price FOB,RBRTE,Europe Brent Spot Price FOB (Dollars per Barrel),71.09,$/BBL
2024-10-30,ZEU,NA,EPCBRENT,UK Brent Crude Oil,PF4,Spot Price FOB,RBRTE,Europe Brent Spot Price FOB (Dollars per Barrel),73.21,$/BBL
2024-10-31,ZEU,NA,EPCBRENT,UK Brent Crude Oil,PF4,Spot Price FOB,RBRTE,Europe Brent Spot Price FOB (Dollars per Barrel),73.25,$/BBL
2024-11-01,ZEU,NA,EPCBRENT,UK Brent Crude Oil,PF4,Spot Price FOB,RBRTE,Europe Brent Spot Price FOB (Dollars per Barrel),73.63,$/BBL
2024-11-04,ZEU,NA,EPCBRENT,UK Brent Crude Oil,PF4,Spot Price FOB,RBRTE,Europe Brent Spot Price FOB (Dollars per Barrel),74.89,$/BBL
2024-11-05,ZEU,NA,EPCBRENT,UK Brent Crude Oil,PF4,Spot Price FOB,RBRTE,Europe Brent Spot Price FOB (Dollars per Barrel),76.98,$/BBL
2024-11-06,ZEU,NA,EPCBRENT,UK Brent Crude Oil,PF4,Spot Price FOB,RBRTE,Europe Brent Spot Price FOB (Dollars per Barrel),76.52,$/BBL
2024-11-07,ZEU,NA,EPCBRENT,UK Brent Crude Oil,PF4,Spot Price FOB,RBRTE,Europe Brent Spot Price FOB (Dollars per Barrel),75.73,$/BBL
2024-11-08,ZEU,NA,EPCBRENT,UK Brent Crude Oil,PF4,Spot Price FOB,RBRTE,Europe Brent Spot Price FOB (Dollars per Barrel),74.04,$/BBL
2024-11-11,ZEU,NA,EPCBRENT,UK Brent Crude Oil,PF4,Spot Price FOB,RBRTE,Europe Brent Spot Price FOB (Dollars per Barrel),72.19,$/BBL
2024-11-12,ZEU,NA,EPCBRENT,UK Brent Crude Oil,PF4,Spot Price FOB,RBRTE,Europe Brent Spot Price FOB (Dollars per Barrel),72.56,$/BBL
2024-11-13,ZEU,NA,EPCBRENT,UK Brent Crude Oil,PF4,Spot Price FOB,RBRTE,Europe Brent Spot Price FOB (Dollars per Barrel),72.86,$/BBL
2024-11-14,ZEU,NA,EPCBRENT,UK Brent Crude Oil,PF4,Spot Price FOB,RBRTE,Europe Brent Spot Price FOB (Dollars per Barrel),73.39,$/BBL
2024-11-15,ZEU,NA,EPCBRENT,UK Brent Crude Oil,PF4,Spot Price FOB,RBRTE,Europe Brent Spot Price FOB (Dollars per Barrel),73.45,$/BBL
2024-11-18,ZEU,NA,EPCBRENT,UK Brent Crude Oil,PF4,Spot Price FOB,RBRTE,Europe Brent Spot Price FOB (Dollars per Barrel),74.35,$/BBL
2024-11-19,ZEU,NA,EPCBRENT,UK Brent Crude Oil,PF4,Spot Price FOB,RBRTE,Europe Brent Spot Price FOB (Dollars per Barrel),74.32,$/BBL
2024-11-20,ZEU,NA,EPCBRENT,UK Brent Crude Oil,PF4,Spot Price FOB,RBRTE,Europe Brent Spot Price FOB (Dollars per Barrel),74.33,$/BBL
2024-11-21,ZEU,NA,EPCBRENT,UK Brent Crude Oil,PF4,Spot Price FOB,RBRTE,Europe Brent Spot Price FOB (Dollars per Barrel),75.09,$/BBL
2024-11-22,ZEU,NA,EPCBRENT,UK Brent Crude Oil,PF4,Spot Price FOB,RBRTE,Europe Brent Spot Price FOB (Dollars per Barrel),76.1,$/BBL
2024-11-25,ZEU,NA,EPCBRENT,UK Brent Crude Oil,PF4,Spot Price FOB,RBRTE,Europe Brent Spot Price FOB (Dollars per Barrel),74.27,$/BBL
2024-11-26,ZEU,NA,EPCBRENT,UK Brent Crude Oil,PF4,Spot Price FOB,RBRTE,Europe Brent Spot Price FOB (Dollars per Barrel),74.56,$/BBL
2024-11-27,ZEU,NA,EPCBRENT,UK Brent Crude Oil,PF4,Spot Price FOB,RBRTE,Europe Brent Spot Price FOB (Dollars per Barrel),73.91,$/BBL
2024-11-28,ZEU,NA,EPCBRENT,UK Brent Crude Oil,PF4,Spot Price FOB,RBRTE,Europe Brent Spot Price FOB (Dollars per Barrel),73.92,$/BBL
2024-11-29,ZEU,NA,EPCBRENT,UK Brent Crude Oil,PF4,Spot Price FOB,RBRTE,Europe Brent Spot Price FOB (Dollars per Barrel),74.16,$/BBL
2024-12-02,ZEU,NA,EPCBRENT,UK Brent Crude Oil,PF4,Spot Price FOB,RBRTE,Europe Brent Spot Price FOB (Dollars per Barrel),72.81,$/BBL
2024-12-03,ZEU,NA,EPCBRENT,UK Brent Crude Oil,PF4,Spot Price FOB,RBRTE,Europe Brent Spot Price FOB (Dollars per Barrel),74.8,$/BBL
2024-12-04,ZEU,NA,EPCBRENT,UK Brent Crude Oil,PF4,Spot Price FOB,RBRTE,Europe Brent Spot Price FOB (Dollars per Barrel),74.68,$/BBL
2024-12-05,ZEU,NA,EPCBRENT,UK Brent Crude Oil,PF4,Spot Price FOB,RBRTE,Europe Brent Spot Price FOB (Dollars per Barrel),73.78,$/BBL
2024-12-06,ZEU,NA,EPCBRENT,UK Brent Crude Oil,PF4,Spot Price FOB,RBRTE,Europe Brent Spot Price FOB (Dollars per Barrel),73.78,$/BBL
2024-12-09,ZEU,NA,EPCBRENT,UK Brent Crude Oil,PF4,Spot Price FOB,RBRTE,Europe Brent Spot Price FOB (Dollars per Barrel),73.73,$/BBL
2024-12-10,ZEU,NA,EPCBRENT,UK Brent Crude Oil,PF4,Spot Price FOB,RBRTE,Europe Brent Spot Price FOB (Dollars per Barrel),73.64,$/BBL
2024-12-11,ZEU,NA,EPCBRENT,UK Brent Crude Oil,PF4,Spot Price FOB,RBRTE,Europe Brent Spot Price FOB (Dollars per Barrel),74.38,$/BBL
2024-12-12,ZEU,NA,EPCBRENT,UK Brent Crude Oil,PF4,Spot Price FOB,RBRTE,Europe Brent Spot Price FOB (Dollars per Barrel),73.52,$/BBL
2024-12-13,ZEU,NA,EPCBRENT,UK Brent Crude Oil,PF4,Spot Price FOB,RBRTE,Europe Brent Spot Price FOB (Dollars per Barrel),74.89,$/BBL
2024-12-16,ZEU,NA,EPCBRENT,UK Brent Crude Oil,PF4,Spot Price FOB,RBRTE,Europe Brent Spot Price FOB (Dollars per Barrel),74.3,$/BBL
2024-12-17,ZEU,NA,EPCBRENT,UK Brent Crude Oil,PF4,Spot Price FOB,RBRTE,Europe Brent Spot Price FOB (Dollars per Barrel),73.16,$/BBL
2024-12-18,ZEU,NA,EPCBRENT,UK Brent Crude Oil,PF4,Spot Price FOB,RBRTE,Europe Brent Spot Price FOB (Dollars per Barrel),74.57,$/BBL
2024-12-19,ZEU,NA,EPCBRENT,UK Brent Crude Oil,PF4,Spot Price FOB,RBRTE,Europe Brent Spot Price FOB (Dollars per Barrel),73.75,$/BBL
2024-12-20,ZEU,NA,EPCBRENT,UK Brent Crude Oil,PF4,Spot Price FOB,RBRTE,Europe Brent Spot Price FOB (Dollars per Barrel),73.19,$/BBL
2024-12-23,ZEU,NA,EPCBRENT,UK Brent Crude Oil,PF4,Spot Price FOB,RBRTE,Europe Brent Spot Price FOB (Dollars per Barrel),72.12,$/BBL
2024-12-24,ZEU,NA,EPCBRENT,UK Brent Crude Oil,PF4,Spot Price FOB,RBRTE,Europe Brent Spot Price FOB (Dollars per Barrel),73.5,$/BBL
2024-12-25,ZEU,NA,EPCBRENT,UK Brent Crude Oil,PF4,Spot Price FOB,RBRTE,Europe Brent Spot Price FOB (Dollars per Barrel),73.5,$/BBL
2024-12-27,ZEU,NA,EPCBRENT,UK Brent Crude Oil,PF4,Spot Price FOB,RBRTE,Europe Brent Spot Price FOB (Dollars per Barrel),73.77,$/BBL
2024-12-30,ZEU,NA,EPCBRENT,UK Brent Crude Oil,PF4,Spot Price FOB,RBRTE,Europe Brent Spot Price FOB (Dollars per Barrel),74.24,$/BBL
2024-12-31,ZEU,NA,EPCBRENT,UK Brent Crude Oil,PF4,Spot Price FOB,RBRTE,Europe Brent Spot Price FOB (Dollars per Barrel),74.58,$/BBL
2025-01-02,ZEU,NA,EPCBRENT,UK Brent Crude Oil,PF4,Spot Price FOB,RBRTE,Europe Brent Spot Price FOB (Dollars per Barrel),76.14,$/BBL
2025-01-03,ZEU,NA,EPCBRENT,UK Brent Crude Oil,PF4,Spot Price FOB,RBRTE,Europe Brent Spot Price FOB (Dollars per Barrel),76.72,$/BBL
2025-01-06,ZEU,NA,EPCBRENT,UK Brent Crude Oil,PF4,Spot Price FOB,RBRTE,Europe Brent Spot Price FOB (Dollars per Barrel),77.27,$/BBL
2025-01-07,ZEU,NA,EPCBRENT,UK Brent Crude Oil,PF4,Spot Price FOB,RBRTE,Europe Brent Spot Price FOB (Dollars per Barrel),77.84,$/BBL
2025-01-08,ZEU,NA,EPCBRENT,UK Brent Crude Oil,PF4,Spot Price FOB,RBRTE,Europe Brent Spot Price FOB (Dollars per Barrel),77.37,$/BBL
2025-01-09,ZEU,NA,EPCBRENT,UK Brent Crude Oil,PF4,Spot Price FOB,RBRTE,Europe Brent Spot Price FOB (Dollars per Barrel),78.44,$/BBL
2025-01-10,ZEU,NA,EPCBRENT,UK Brent Crude Oil,PF4,Spot Price FOB,RBRTE,Europe Brent Spot Price FOB (Dollars per Barrel),79.76,$/BBL
2025-01-13,ZEU,NA,EPCBRENT,UK Brent Crude Oil,PF4,Spot Price FOB,RBRTE,Europe Brent Spot Price FOB (Dollars per Barrel),82.69,$/BBL
2025-01-14,ZEU,NA,EPCBRENT,UK Brent Crude Oil,PF4,Spot Price FOB,RBRTE,Europe Brent Spot Price FOB (Dollars per Barrel),82.39,$/BBL
2025-01-15,ZEU,NA,EPCBRENT,UK Brent Crude Oil,PF4,Spot Price FOB,RBRTE,Europe Brent Spot Price FOB (Dollars per Barrel),83.48,$/BBL
2025-01-16,ZEU,NA,EPCBRENT,UK Brent Crude Oil,PF4,Spot Price FOB,RBRTE,Europe Brent Spot Price FOB (Dollars per Barrel),82.39,$/BBL
2025-01-17,ZEU,NA,EPCBRENT,UK Brent Crude Oil,PF4,Spot Price FOB,RBRTE,Europe Brent Spot Price FOB (Dollars per Barrel),83.02,$/BBL
2025-01-20,ZEU,NA,EPCBRENT,UK Brent Crude Oil,PF4,Spot Price FOB,RBRTE,Europe Brent Spot Price FOB (Dollars per Barrel),81.68,$/BBL
2025-01-21,ZEU,NA,EPCBRENT,UK Brent Crude Oil,PF4,Spot Price FOB,RBRTE,Europe Brent Spot Price FOB (Dollars per Barrel),80.57,$/BBL
2025-01-22,ZEU,NA,EPCBRENT,UK Brent Crude Oil,PF4,Spot Price FOB,RBRTE,Europe Brent Spot Price FOB (Dollars per Barrel),80,$/BBL
2025-01-23,ZEU,NA,EPCBRENT,UK Brent Crude Oil,PF4,Spot Price FOB,RBRTE,Europe Brent Spot Price FOB (Dollars per Barrel),78.62,$/BBL
2025-01-24,ZEU,NA,EPCBRENT,UK Brent Crude Oil,PF4,Spot Price FOB,RBRTE,Europe Brent Spot Price FOB (Dollars per Barrel),78.71,$/BBL
2025-01-27,ZEU,NA,EPCBRENT,UK Brent Crude Oil,PF4,Spot Price FOB,RBRTE,Europe Brent Spot Price FOB (Dollars per Barrel),77.3,$/BBL
2025-01-28,ZEU,NA,EPCBRENT,UK Brent Crude Oil,PF4,Spot Price FOB,RBRTE,Europe Brent Spot Price FOB (Dollars per Barrel),78.01,$/BBL
2025-01-29,ZEU,NA,EPCBRENT,UK Brent Crude Oil,PF4,Spot Price FOB,RBRTE,Europe Brent Spot Price FOB (Dollars per Barrel),77.02,$/BBL
2025-01-30,ZEU,NA,EPCBRENT,UK Brent Crude Oil,PF4,Spot Price FOB,RBRTE,Europe Brent Spot Price FOB (Dollars per Barrel),77.42,$/BBL
2025-01-31,ZEU,NA,EPCBRENT,UK Brent Crude Oil,PF4,Spot Price FOB,RBRTE,Europe Brent Spot Price FOB (Dollars per Barrel),77.11,$/BBL
2025-02-03,ZEU,NA,EPCBRENT,UK Brent Crude Oil,PF4,Spot Price FOB,RBRTE,Europe Brent Spot Price FOB (Dollars per Barrel),76.49,$/BBL
2025-02-04,ZEU,NA,EPCBRENT,UK Brent Crude Oil,PF4,Spot Price FOB,RBRTE,Europe Brent Spot Price FOB (Dollars per Barrel),76.58,$/BBL
2025-02-05,ZEU,NA,EPCBRENT,UK Brent Crude Oil,PF4,Spot Price FOB,RBRTE,Europe Brent Spot Price FOB (Dollars per Barrel),74.71,$/BBL
2025-02-06,ZEU,NA,EPCBRENT,UK Brent Crude Oil,PF4,Spot Price FOB,RBRTE,Europe Brent Spot Price FOB (Dollars per Barrel),74.54,$/BBL
2025-02-07,ZEU,NA,EPCBRENT,UK Brent Crude Oil,PF4,Spot Price FOB,RBRTE,Europe Brent Spot Price FOB (Dollars per Barrel),74.68,$/BBL
2025-02-10,ZEU,NA,EPCBRENT,UK Brent Crude Oil,PF4,Spot Price FOB,RBRTE,Europe Brent Spot Price FOB (Dollars per Barrel),76.23,$/BBL
2025-02-11,ZEU,NA,EPCBRENT,UK Brent Crude Oil,PF4,Spot Price FOB,RBRTE,Europe Brent Spot Price FOB (Dollars per Barrel),77.65,$/BBL
2025-02-12,ZEU,NA,EPCBRENT,UK Brent Crude Oil,PF4,Spot Price FOB,RBRTE,Europe Brent Spot Price FOB (Dollars per Barrel),75.38,$/BBL
2025-02-13,ZEU,NA,EPCBRENT,UK Brent Crude Oil,PF4,Spot Price FOB,RBRTE,Europe Brent Spot Price FOB (Dollars per Barrel),75.61,$/BBL
2025-02-14,ZEU,NA,EPCBRENT,UK Brent Crude Oil,PF4,Spot Price FOB,RBRTE,Europe Brent Spot Price FOB (Dollars per Barrel),75.19,$/BBL
2025-02-17,ZEU,NA,EPCBRENT,UK Brent Crude Oil,PF4,Spot Price FOB,RBRTE,Europe Brent Spot Price FOB (Dollars per Barrel),75.81,$/BBL
2025-02-18,ZEU,NA,EPCBRENT,UK Brent Crude Oil,PF4,Spot Price FOB,RBRTE,Europe Brent Spot Price FOB (Dollars per Barrel),76.46,$/BBL
2025-02-19,ZEU,NA,EPCBRENT,UK Brent Crude Oil,PF4,Spot Price FOB,RBRTE,Europe Brent Spot Price FOB (Dollars per Barrel),76.34,$/BBL
2025-02-20,ZEU,NA,EPCBRENT,UK Brent Crude Oil,PF4,Spot Price FOB,RBRTE,Europe Brent Spot Price FOB (Dollars per Barrel),76.95,$/BBL
2025-02-21,ZEU,NA,EPCBRENT,UK Brent Crude Oil,PF4,Spot Price FOB,RBRTE,Europe Brent Spot Price FOB (Dollars per Barrel),74.88,$/BBL
2025-02-24,ZEU,NA,EPCBRENT,UK Brent Crude Oil,PF4,Spot Price FOB,RBRTE,Europe Brent Spot Price FOB (Dollars per Barrel),74.89,$/BBL
2025-02-25,ZEU,NA,EPCBRENT,UK Brent Crude Oil,PF4,Spot Price FOB,RBRTE,Europe Brent Spot Price FOB (Dollars per Barrel),73.11,$/BBL
2025-02-26,ZEU,NA,EPCBRENT,UK Brent Crude Oil,PF4,Spot Price FOB,RBRTE,Europe Brent Spot Price FOB (Dollars per Barrel),73.49,$/BBL
2025-02-27,ZEU,NA,EPCBRENT,UK Brent Crude Oil,PF4,Spot Price FOB,RBRTE,Europe Brent Spot Price FOB (Dollars per Barrel),75.01,$/BBL
2025-02-28,ZEU,NA,EPCBRENT,UK Brent Crude Oil,PF4,Spot Price FOB,RBRTE,Europe Brent Spot Price FOB (Dollars per Barrel),74.76,$/BBL
2025-03-03,ZEU,NA,EPCBRENT,UK Brent Crude Oil,PF4,Spot Price FOB,RBRTE,Europe Brent Spot Price FOB (Dollars per Barrel),72.85,$/BBL
2025-03-04,ZEU,NA,EPCBRENT,UK Brent Crude Oil,PF4,Spot Price FOB,RBRTE,Europe Brent Spot Price FOB (Dollars per Barrel),72.31,$/BBL
2025-03-05,ZEU,NA,EPCBRENT,UK Brent Crude Oil,PF4,Spot Price FOB,RBRTE,Europe Brent Spot Price FOB (Dollars per Barrel),70.92,$/BBL
2025-03-06,ZEU,NA,EPCBRENT,UK Brent Crude Oil,PF4,Spot Price FOB,RBRTE,Europe Brent Spot Price FOB (Dollars per Barrel),71.08,$/BBL
2025-03-07,ZEU,NA,EPCBRENT,UK Brent Crude Oil,PF4,Spot Price FOB,RBRTE,Europe Brent Spot Price FOB (Dollars per Barrel),72.49,$/BBL
2025-03-10,ZEU,NA,EPCBRENT,UK Brent Crude Oil,PF4,Spot Price FOB,RBRTE,Europe Brent Spot Price FOB (Dollars per Barrel),71.08,$/BBL
2025-03-11,ZEU,NA,EPCBRENT,UK Brent Crude Oil,PF4,Spot Price FOB,RBRTE,Europe Brent Spot Price FOB (Dollars per Barrel),71.51,$/BBL
2025-03-12,ZEU,NA,EPCBRENT,UK Brent Crude Oil,PF4,Spot Price FOB,RBRTE,Europe Brent Spot Price FOB (Dollars per Barrel),72.36,$/BBL
2025-03-13,ZEU,NA,EPCBRENT,UK Brent Crude Oil,PF4,Spot Price FOB,RBRTE,Europe Brent Spot Price FOB (Dollars per Barrel),70.82,$/BBL
2025-03-14,ZEU,NA,EPCBRENT,UK Brent Crude Oil,PF4,Spot Price FOB,RBRTE,Europe Brent Spot Price FOB (Dollars per Barrel),71.94,$/BBL
2025-03-17,ZEU,NA,EPCBRENT,UK Brent Crude Oil,PF4,Spot Price FOB,RBRTE,Europe Brent Spot Price FOB (Dollars per Barrel),71.93,$/BBL
2025-03-18,ZEU,NA,EPCBRENT,UK Brent Crude Oil,PF4,Spot Price FOB,RBRTE,Europe Brent Spot Price FOB (Dollars per Barrel),71.93,$/BBL
2025-03-19,ZEU,NA,EPCBRENT,UK Brent Crude Oil,PF4,Spot Price FOB,RBRTE,Europe Brent Spot Price FOB (Dollars per Barrel),71.94,$/BBL
2025-03-20,ZEU,NA,EPCBRENT,UK Brent Crude Oil,PF4,Spot Price FOB,RBRTE,Europe Brent Spot Price FOB (Dollars per Barrel),72.61,$/BBL
2025-03-21,ZEU,NA,EPCBRENT,UK Brent Crude Oil,PF4,Spot Price FOB,RBRTE,Europe Brent Spot Price FOB (Dollars per Barrel),72.64,$/BBL
2025-03-24,ZEU,NA,EPCBRENT,UK Brent Crude Oil,PF4,Spot Price FOB,RBRTE,Europe Brent Spot Price FOB (Dollars per Barrel),73.96,$/BBL
2025-03-25,ZEU,NA,EPCBRENT,UK Brent Crude Oil,PF4,Spot Price FOB,RBRTE,Europe Brent Spot Price FOB (Dollars per Barrel),73.78,$/BBL
2025-03-26,ZEU,NA,EPCBRENT,UK Brent Crude Oil,PF4,Spot Price FOB,RBRTE,Europe Brent Spot Price FOB (Dollars per Barrel),74.6,$/BBL
2025-03-27,ZEU,NA,EPCBRENT,UK Brent Crude Oil,PF4,Spot Price FOB,RBRTE,Europe Brent Spot Price FOB (Dollars per Barrel),74.72,$/BBL
2025-03-28,ZEU,NA,EPCBRENT,UK Brent Crude Oil,PF4,Spot Price FOB,RBRTE,Europe Brent Spot Price FOB (Dollars per Barrel),74.69,$/BBL
2025-03-31,ZEU,NA,EPCBRENT,UK Brent Crude Oil,PF4,Spot Price FOB,RBRTE,Europe Brent Spot Price FOB (Dollars per Barrel),77.23,$/BBL
2025-04-01,ZEU,NA,EPCBRENT,UK Brent Crude Oil,PF4,Spot Price FOB,RBRTE,Europe Brent Spot Price FOB (Dollars per Barrel),77.78,$/BBL
2025-04-02,ZEU,NA,EPCBRENT,UK Brent Crude Oil,PF4,Spot Price FOB,RBRTE,Europe Brent Spot Price FOB (Dollars per Barrel),77.27,$/BBL
2025-04-03,ZEU,NA,EPCBRENT,UK Brent Crude Oil,PF4,Spot Price FOB,RBRTE,Europe Brent Spot Price FOB (Dollars per Barrel),72.54,$/BBL
2025-04-04,ZEU,NA,EPCBRENT,UK Brent Crude Oil,PF4,Spot Price FOB,RBRTE,Europe Brent Spot Price FOB (Dollars per Barrel),68.36,$/BBL
2025-04-07,ZEU,NA,EPCBRENT,UK Brent Crude Oil,PF4,Spot Price FOB,RBRTE,Europe Brent Spot Price FOB (Dollars per Barrel),66.13,$/BBL
2025-04-08,ZEU,NA,EPCBRENT,UK Brent Crude Oil,PF4,Spot Price FOB,RBRTE,Europe Brent Spot Price FOB (Dollars per Barrel),64.86,$/BBL
2025-04-09,ZEU,NA,EPCBRENT,UK Brent Crude Oil,PF4,Spot Price FOB,RBRTE,Europe Brent Spot Price FOB (Dollars per Barrel),67.3,$/BBL
2025-04-10,ZEU,NA,EPCBRENT,UK Brent Crude Oil,PF4,Spot Price FOB,RBRTE,Europe Brent Spot Price FOB (Dollars per Barrel),65.37,$/BBL
2025-04-11,ZEU,NA,EPCBRENT,UK Brent Crude Oil,PF4,Spot Price FOB,RBRTE,Europe Brent Spot Price FOB (Dollars per Barrel),66.83,$/BBL
2025-04-14,ZEU,NA,EPCBRENT,UK Brent Crude Oil,PF4,Spot Price FOB,RBRTE,Europe Brent Spot Price FOB (Dollars per Barrel),67.18,$/BBL
2025-04-15,ZEU,NA,EPCBRENT,UK Brent Crude Oil,PF4,Spot Price FOB,RBRTE,Europe Brent Spot Price FOB (Dollars per Barrel),66.58,$/BBL
2025-04-16,ZEU,NA,EPCBRENT,UK Brent Crude Oil,PF4,Spot Price FOB,RBRTE,Europe Brent Spot Price FOB (Dollars per Barrel),67.94,$/BBL
2025-04-17,ZEU,NA,EPCBRENT,UK Brent Crude Oil,PF4,Spot Price FOB,RBRTE,Europe Brent Spot Price FOB (Dollars per Barrel),69.33,$/BBL
2025-04-22,ZEU,NA,EPCBRENT,UK Brent Crude Oil,PF4,Spot Price FOB,RBRTE,Europe Brent Spot Price FOB (Dollars per Barrel),68.93,$/BBL
2025-04-23,ZEU,NA,EPCBRENT,UK Brent Crude Oil,PF4,Spot Price FOB,RBRTE,Europe Brent Spot Price FOB (Dollars per Barrel),68.26,$/BBL
2025-04-24,ZEU,NA,EPCBRENT,UK Brent Crude Oil,PF4,Spot Price FOB,RBRTE,Europe Brent Spot Price FOB (Dollars per Barrel),67.5,$/BBL
2025-04-25,ZEU,NA,EPCBRENT,UK Brent Crude Oil,PF4,Spot Price FOB,RBRTE,Europe Brent Spot Price FOB (Dollars per Barrel),66.99,$/BBL
2025-04-28,ZEU,NA,EPCBRENT,UK Brent Crude Oil,PF4,Spot Price FOB,RBRTE,Europe Brent Spot Price FOB (Dollars per Barrel),66.13,$/BBL
2025-04-29,ZEU,NA,EPCBRENT,UK Brent Crude Oil,PF4,Spot Price FOB,RBRTE,Europe Brent Spot Price FOB (Dollars per Barrel),64.04,$/BBL
2025-04-30,ZEU,NA,EPCBRENT,UK Brent Crude Oil,PF4,Spot Price FOB,RBRTE,Europe Brent Spot Price FOB (Dollars per Barrel),63.37,$/BBL
2025-05-01,ZEU,NA,EPCBRENT,UK Brent Crude Oil,PF4,Spot Price FOB,RBRTE,Europe Brent Spot Price FOB (Dollars per Barrel),62.37,$/BBL
2025-05-02,ZEU,NA,EPCBRENT,UK Brent Crude Oil,PF4,Spot Price FOB,RBRTE,Europe Brent Spot Price FOB (Dollars per Barrel),61.57,$/BBL
2025-05-06,ZEU,NA,EPCBRENT,UK Brent Crude Oil,PF4,Spot Price FOB,RBRTE,Europe Brent Spot Price FOB (Dollars per Barrel),62.37,$/BBL
2025-05-07,ZEU,NA,EPCBRENT,UK Brent Crude Oil,PF4,Spot Price FOB,RBRTE,Europe Brent Spot Price FOB (Dollars per Barrel),60.31,$/BBL
2025-05-08,ZEU,NA,EPCBRENT,UK Brent Crude Oil,PF4,Spot Price FOB,RBRTE,Europe Brent Spot Price FOB (Dollars per Barrel),62.22,$/BBL
2025-05-09,ZEU,NA,EPCBRENT,UK Brent Crude Oil,PF4,Spot Price FOB,RBRTE,Europe Brent Spot Price FOB (Dollars per Barrel),64.26,$/BBL
2025-05-12,ZEU,NA,EPCBRENT,UK Brent Crude Oil,PF4,Spot Price FOB,RBRTE,Europe Brent Spot Price FOB (Dollars per Barrel),65.28,$/BBL
2025-05-13,ZEU,NA,EPCBRENT,UK Brent Crude Oil,PF4,Spot Price FOB,RBRTE,Europe Brent Spot Price FOB (Dollars per Barrel),66.93,$/BBL
2025-05-14,ZEU,NA,EPCBRENT,UK Brent Crude Oil,PF4,Spot Price FOB,RBRTE,Europe Brent Spot Price FOB (Dollars per Barrel),65.91,$/BBL
2025-05-15,ZEU,NA,EPCBRENT,UK Brent Crude Oil,PF4,Spot Price FOB,RBRTE,Europe Brent Spot Price FOB (Dollars per Barrel),64.36,$/BBL
2025-05-16,ZEU,NA,EPCBRENT,UK Brent Crude Oil,PF4,Spot Price FOB,RBRTE,Europe Brent Spot Price FOB (Dollars per Barrel),65.2,$/BBL
2025-05-19,ZEU,NA,EPCBRENT,UK Brent Crude Oil,PF4,Spot Price FOB,RBRTE,Europe Brent Spot Price FOB (Dollars per Barrel),66.25,$/BBL
2025-05-20,ZEU,NA,EPCBRENT,UK Brent Crude Oil,PF4,Spot Price FOB,RBRTE,Europe Brent Spot Price FOB (Dollars per Barrel),66.93,$/BBL
2025-05-21,ZEU,NA,EPCBRENT,UK Brent Crude Oil,PF4,Spot Price FOB,RBRTE,Europe Brent Spot Price FOB (Dollars per Barrel),65.86,$/BBL
2025-05-22,ZEU,NA,EPCBRENT,UK Brent Crude Oil,PF4,Spot Price FOB,RBRTE,Europe Brent Spot Price FOB (Dollars per Barrel),64.87,$/BBL
2025-05-23,ZEU,NA,EPCBRENT,UK Brent Crude Oil,PF4,Spot Price FOB,RBRTE,Europe Brent Spot Price FOB (Dollars per Barrel),65.41,$/BBL
2025-05-27,ZEU,NA,EPCBRENT,UK Brent Crude Oil,PF4,Spot Price FOB,RBRTE,Europe Brent Spot Price FOB (Dollars per Barrel),64.32,$/BBL
2025-05-28,ZEU,NA,EPCBRENT,UK Brent Crude Oil,PF4,Spot Price FOB,RBRTE,Europe Brent Spot Price FOB (Dollars per Barrel),65.72,$/BBL
2025-05-29,ZEU,NA,EPCBRENT,UK Brent Crude Oil,PF4,Spot Price FOB,RBRTE,Europe Brent Spot Price FOB (Dollars per Barrel),64.6,$/BBL
2025-05-30,ZEU,NA,EPCBRENT,UK Brent Crude Oil,PF4,Spot Price FOB,RBRTE,Europe Brent Spot Price FOB (Dollars per Barrel),64.32,$/BBL
2025-06-02,ZEU,NA,EPCBRENT,UK Brent Crude Oil,PF4,Spot Price FOB,RBRTE,Europe Brent Spot Price FOB (Dollars per Barrel),66.55,$/BBL
2025-06-03,ZEU,NA,EPCBRENT,UK Brent Crude Oil,PF4,Spot Price FOB,RBRTE,Europe Brent Spot Price FOB (Dollars per Barrel),67.48,$/BBL
2025-06-04,ZEU,NA,EPCBRENT,UK Brent Crude Oil,PF4,Spot Price FOB,RBRTE,Europe Brent Spot Price FOB (Dollars per Barrel),66.69,$/BBL
2025-06-05,ZEU,NA,EPCBRENT,UK Brent Crude Oil,PF4,Spot Price FOB,RBRTE,Europe Brent Spot Price FOB (Dollars per Barrel),67.14,$/BBL
2025-06-06,ZEU,NA,EPCBRENT,UK Brent Crude Oil,PF4,Spot Price FOB,RBRTE,Europe Brent Spot Price FOB (Dollars per Barrel),68.02,$/BBL
2025-06-09,ZEU,NA,EPCBRENT,UK Brent Crude Oil,PF4,Spot Price FOB,RBRTE,Europe Brent Spot Price FOB (Dollars per Barrel),68.73,$/BBL
2025-06-10,ZEU,NA,EPCBRENT,UK Brent Crude Oil,PF4,Spot Price FOB,RBRTE,Europe Brent Spot Price FOB (Dollars per Barrel),68.41,$/BBL
2025-06-11,ZEU,NA,EPCBRENT,UK Brent Crude Oil,PF4,Spot Price FOB,RBRTE,Europe Brent Spot Price FOB (Dollars per Barrel),71.29,$/BBL
2025-06-12,ZEU,NA,EPCBRENT,UK Brent Crude Oil,PF4,Spot Price FOB,RBRTE,Europe Brent Spot Price FOB (Dollars per Barrel),70.84,$/BBL
2025-06-13,ZEU,NA,EPCBRENT,UK Brent Crude Oil,PF4,Spot Price FOB,RBRTE,Europe Brent Spot Price FOB (Dollars per Barrel),76,$/BBL
2025-06-16,ZEU,NA,EPCBRENT,UK Brent Crude Oil,PF4,Spot Price FOB,RBRTE,Europe Brent Spot Price FOB (Dollars per Barrel),75.05,$/BBL
2025-06-17,ZEU,NA,EPCBRENT,UK Brent Crude Oil,PF4,Spot Price FOB,RBRTE,Europe Brent Spot Price FOB (Dollars per Barrel),78.7,$/BBL
2025-06-18,ZEU,NA,EPCBRENT,UK Brent Crude Oil,PF4,Spot Price FOB,RBRTE,Europe Brent Spot Price FOB (Dollars per Barrel),78.38,$/BBL
2025-06-19,ZEU,NA,EPCBRENT,UK Brent Crude Oil,PF4,Spot Price FOB,RBRTE,Europe Brent Spot Price FOB (Dollars per Barrel),80.37,$/BBL
2025-06-20,ZEU,NA,EPCBRENT,UK Brent Crude Oil,PF4,Spot Price FOB,RBRTE,Europe Brent Spot Price FOB (Dollars per Barrel),78.73,$/BBL
2025-06-23,ZEU,NA,EPCBRENT,UK Brent Crude Oil,PF4,Spot Price FOB,RBRTE,Europe Brent Spot Price FOB (Dollars per Barrel),74.34,$/BBL
2025-06-24,ZEU,NA,EPCBRENT,UK Brent Crude Oil,PF4,Spot Price FOB,RBRTE,Europe Brent Spot Price FOB (Dollars per Barrel),69.13,$/BBL
2025-06-25,ZEU,NA,EPCBRENT,UK Brent Crude Oil,PF4,Spot Price FOB,RBRTE,Europe Brent Spot Price FOB (Dollars per Barrel),68.4,$/BBL
2025-06-26,ZEU,NA,EPCBRENT,UK Brent Crude Oil,PF4,Spot Price FOB,RBRTE,Europe Brent Spot Price FOB (Dollars per Barrel),68.57,$/BBL
2025-06-27,ZEU,NA,EPCBRENT,UK Brent Crude Oil,PF4,Spot Price FOB,RBRTE,Europe Brent Spot Price FOB (Dollars per Barrel),69.37,$/BBL
2025-06-30,ZEU,NA,EPCBRENT,UK Brent Crude Oil,PF4,Spot Price FOB,RBRTE,Europe Brent Spot Price FOB (Dollars per Barrel),68.15,$/BBL
2025-07-01,ZEU,NA,EPCBRENT,UK Brent Crude Oil,PF4,Spot Price FOB,RBRTE,Europe Brent Spot Price FOB (Dollars per Barrel),67.63,$/BBL
2025-07-02,ZEU,NA,EPCBRENT,UK Brent Crude Oil,PF4,Spot Price FOB,RBRTE,Europe Brent Spot Price FOB (Dollars per Barrel),70.8,$/BBL
2025-07-03,ZEU,NA,EPCBRENT,UK Brent Crude Oil,PF4,Spot Price FOB,RBRTE,Europe Brent Spot Price FOB (Dollars per Barrel),70.42,$/BBL
2025-07-04,ZEU,NA,EPCBRENT,UK Brent Crude Oil,PF4,Spot Price FOB,RBRTE,Europe Brent Spot Price FOB (Dollars per Barrel),71.03,$/BBL
2025-07-07,ZEU,NA,EPCBRENT,UK Brent Crude Oil,PF4,Spot Price FOB,RBRTE,Europe Brent Spot Price FOB (Dollars per Barrel),71.95,$/BBL
2025-07-08,ZEU,NA,EPCBRENT,UK Brent Crude Oil,PF4,Spot Price FOB,RBRTE,Europe Brent Spot Price FOB (Dollars per Barrel),72.5,$/BBL
2025-07-09,ZEU,NA,EPCBRENT,UK Brent Crude Oil,PF4,Spot Price FOB,RBRTE,Europe Brent Spot Price FOB (Dollars per Barrel),71.98,$/BBL
2025-07-10,ZEU,NA,EPCBRENT,UK Brent Crude Oil,PF4,Spot Price FOB,RBRTE,Europe Brent Spot Price FOB (Dollars per Barrel),70.38,$/BBL
2025-07-11,ZEU,NA,EPCBRENT,UK Brent Crude Oil,PF4,Spot Price FOB,RBRTE,Europe Brent Spot Price FOB (Dollars per Barrel),72.06,$/BBL
2025-07-14,ZEU,NA,EPCBRENT,UK Brent Crude Oil,PF4,Spot Price FOB,RBRTE,Europe Brent Spot Price FOB (Dollars per Barrel),70.96,$/BBL
2025-07-15,ZEU,NA,EPCBRENT,UK Brent Crude Oil,PF4,Spot Price FOB,RBRTE,Europe Brent Spot Price FOB (Dollars per Barrel),70.27,$/BBL
2025-07-16,ZEU,NA,EPCBRENT,UK Brent Crude Oil,PF4,Spot Price FOB,RBRTE,Europe Brent Spot Price FOB (Dollars per Barrel),69.67,$/BBL
2025-07-17,ZEU,NA,EPCBRENT,UK Brent Crude Oil,PF4,Spot Price FOB,RBRTE,Europe Brent Spot Price FOB (Dollars per Barrel),71.32,$/BBL
2025-07-18,ZEU,NA,EPCBRENT,UK Brent Crude Oil,PF4,Spot Price FOB,RBRTE,Europe Brent Spot Price FOB (Dollars per Barrel),71.06,$/BBL
2025-07-21,ZEU,NA,EPCBRENT,UK Brent Crude Oil,PF4,Spot Price FOB,RBRTE,Europe Brent Spot Price FOB (Dollars per Barrel),71.92,$/BBL
2025-07-22,ZEU,NA,EPCBRENT,UK Brent Crude Oil,PF4,Spot Price FOB,RBRTE,Europe Brent Spot Price FOB (Dollars per Barrel),69.69,$/BBL
2025-07-23,ZEU,NA,EPCBRENT,UK Brent Crude Oil,PF4,Spot Price FOB,RBRTE,Europe Brent Spot Price FOB (Dollars per Barrel),69.17,$/BBL
2025-07-24,ZEU,NA,EPCBRENT,UK Brent Crude Oil,PF4,Spot Price FOB,RBRTE,Europe Brent Spot Price FOB (Dollars per Barrel),70.42,$/BBL
2025-07-25,ZEU,NA,EPCBRENT,UK Brent Crude Oil,PF4,Spot Price FOB,RBRTE,Europe Brent Spot Price FOB (Dollars per Barrel),69.23,$/BBL
2025-07-28,ZEU,NA,EPCBRENT,UK Brent Crude Oil,PF4,Spot Price FOB,RBRTE,Europe Brent Spot Price FOB (Dollars per Barrel),70.87,$/BBL
2025-07-29,ZEU,NA,EPCBRENT,UK Brent Crude Oil,PF4,Spot Price FOB,RBRTE,Europe Brent Spot Price FOB (Dollars per Barrel),73.21,$/BBL
2025-07-30,ZEU,NA,EPCBRENT,UK Brent Crude Oil,PF4,Spot Price FOB,RBRTE,Europe Brent Spot Price FOB (Dollars per Barrel),73.98,$/BBL
2025-07-31,ZEU,NA,EPCBRENT,UK Brent Crude Oil,PF4,Spot Price FOB,RBRTE,Europe Brent Spot Price FOB (Dollars per Barrel),73.43,$/BBL
2025-08-01,ZEU,NA,EPCBRENT,UK Brent Crude Oil,PF4,Spot Price FOB,RBRTE,Europe Brent Spot Price FOB (Dollars per Barrel),70.55,$/BBL
2025-08-04,ZEU,NA,EPCBRENT,UK Brent Crude Oil,PF4,Spot Price FOB,RBRTE,Europe Brent Spot Price FOB (Dollars per Barrel),69.56,$/BBL
2025-08-05,ZEU,NA,EPCBRENT,UK Brent Crude Oil,PF4,Spot Price FOB,RBRTE,Europe Brent Spot Price FOB (Dollars per Barrel),69.14,$/BBL
2025-08-06,ZEU,NA,EPCBRENT,UK Brent Crude Oil,PF4,Spot Price FOB,RBRTE,Europe Brent Spot Price FOB (Dollars per Barrel),67.97,$/BBL
2025-08-07,ZEU,NA,EPCBRENT,UK Brent Crude Oil,PF4,Spot Price FOB,RBRTE,Europe Brent Spot Price FOB (Dollars per Barrel),66.99,$/BBL
2025-08-08,ZEU,NA,EPCBRENT,UK Brent Crude Oil,PF4,Spot Price FOB,RBRTE,Europe Brent Spot Price FOB (Dollars per Barrel),67.17,$/BBL
2025-08-11,ZEU,NA,EPCBRENT,UK Brent Crude Oil,PF4,Spot Price FOB,RBRTE,Europe Brent Spot Price FOB (Dollars per Barrel),67.36,$/BBL
2025-08-12,ZEU,NA,EPCBRENT,UK Brent Crude Oil,PF4,Spot Price FOB,RBRTE,Europe Brent Spot Price FOB (Dollars per Barrel),66.8,$/BBL
2025-08-13,ZEU,NA,EPCBRENT,UK Brent Crude Oil,PF4,Spot Price FOB,RBRTE,Europe Brent Spot Price FOB (Dollars per Barrel),66.25,$/BBL
2025-08-14,ZEU,NA,EPCBRENT,UK Brent Crude Oil,PF4,Spot Price FOB,RBRTE,Europe Brent Spot Price FOB (Dollars per Barrel),68.12,$/BBL
2025-08-15,ZEU,NA,EPCBRENT,UK Brent Crude Oil,PF4,Spot Price FOB,RBRTE,Europe Brent Spot Price FOB (Dollars per Barrel),67.3,$/BBL
2025-08-18,ZEU,NA,EPCBRENT,UK Brent Crude Oil,PF4,Spot Price FOB,RBRTE,Europe Brent Spot Price FOB (Dollars per Barrel),68.18,$/BBL
2025-08-19,ZEU,NA,EPCBRENT,UK Brent Crude Oil,PF4,Spot Price FOB,RBRTE,Europe Brent Spot Price FOB (Dollars per Barrel),66.62,$/BBL
2025-08-20,ZEU,NA,EPCBRENT,UK Brent Crude Oil,PF4,Spot Price FOB,RBRTE,Europe Brent Spot Price FOB (Dollars per Barrel),67.61,$/BBL
2025-08-21,ZEU,NA,EPCBRENT,UK Brent Crude Oil,PF4,Spot Price FOB,RBRTE,Europe Brent Spot Price FOB (Dollars per Barrel),68.41,$/BBL
2025-08-22,ZEU,NA,EPCBRENT,UK Brent Crude Oil,PF4,Spot Price FOB,RBRTE,Europe Brent Spot Price FOB (Dollars per Barrel),68.29,$/BBL
2025-08-26,ZEU,NA,EPCBRENT,UK Brent Crude Oil,PF4,Spot Price FOB,RBRTE,Europe Brent Spot Price FOB (Dollars per Barrel),66.89,$/BBL
2025-08-27,ZEU,NA,EPCBRENT,UK Brent Crude Oil,PF4,Spot Price FOB,RBRTE,Europe Brent Spot Price FOB (Dollars per Barrel),67.75,$/BBL
2025-08-28,ZEU,NA,EPCBRENT,UK Brent Crude Oil,PF4,Spot Price FOB,RBRTE,Europe Brent Spot Price FOB (Dollars per Barrel),68.61,$/BBL
2025-08-29,ZEU,NA,EPCBRENT,UK Brent Crude Oil,PF4,Spot Price FOB,RBRTE,Europe Brent Spot Price FOB (Dollars per Barrel),67.83,$/BBL
2025-09-01,ZEU,NA,EPCBRENT,UK Brent Crude Oil,PF4,Spot Price FOB,RBRTE,Europe Brent Spot Price FOB (Dollars per Barrel),67.09,$/BBL
2025-09-02,ZEU,NA,EPCBRENT,UK Brent Crude Oil,PF4,Spot Price FOB,RBRTE,Europe Brent Spot Price FOB (Dollars per Barrel),68.09,$/BBL
2025-09-03,ZEU,NA,EPCBRENT,UK Brent Crude Oil,PF4,Spot Price FOB,RBRTE,Europe Brent Spot Price FOB (Dollars per Barrel),67.76,$/BBL
2025-09-04,ZEU,NA,EPCBRENT,UK Brent Crude Oil,PF4,Spot Price FOB,RBRTE,Europe Brent Spot Price FOB (Dollars per Barrel),66.41,$/BBL
2025-09-05,ZEU,NA,EPCBRENT,UK Brent Crude Oil,PF4,Spot Price FOB,RBRTE,Europe Brent Spot Price FOB (Dollars per Barrel),64.92,$/BBL
2025-09-08,ZEU,NA,EPCBRENT,UK Brent Crude Oil,PF4,Spot Price FOB,RBRTE,Europe Brent Spot Price FOB (Dollars per Barrel),65.44,$/BBL
2025-09-09,ZEU,NA,EPCBRENT,UK Brent Crude Oil,PF4,Spot Price FOB,RBRTE,Europe Brent Spot Price FOB (Dollars per Barrel),67.97,$/BBL
2025-09-10,ZEU,NA,EPCBRENT,UK Brent Crude Oil,PF4,Spot Price FOB,RBRTE,Europe Brent Spot Price FOB (Dollars per Barrel),67.62,$/BBL
2025-09-11,ZEU,NA,EPCBRENT,UK Brent Crude Oil,PF4,Spot Price FOB,RBRTE,Europe Brent Spot Price FOB (Dollars per Barrel),67.25,$/BBL
2025-09-12,ZEU,NA,EPCBRENT,UK Brent Crude Oil,PF4,Spot Price FOB,RBRTE,Europe Brent Spot Price FOB (Dollars per Barrel),67.87,$/BBL
2025-09-15,ZEU,NA,EPCBRENT,UK Brent Crude Oil,PF4,Spot Price FOB,RBRTE,Europe Brent Spot Price FOB (Dollars per Barrel),67.88,$/BBL
2025-09-16,ZEU,NA,EPCBRENT,UK Brent Crude Oil,PF4,Spot Price FOB,RBRTE,Europe Brent Spot Price FOB (Dollars per Barrel),69.69,$/BBL
2025-09-17,ZEU,NA,EPCBRENT,UK Brent Crude Oil,PF4,Spot Price FOB,RBRTE,Europe Brent Spot Price FOB (Dollars per Barrel),69.19,$/BBL
2025-09-18,ZEU,NA,EPCBRENT,UK Brent Crude Oil,PF4,Spot Price FOB,RBRTE,Europe Brent Spot Price FOB (Dollars per Barrel),67.83,$/BBL
2025-09-19,ZEU,NA,EPCBRENT,UK Brent Crude Oil,PF4,Spot Price FOB,RBRTE,Europe Brent Spot Price FOB (Dollars per Barrel),67.05,$/BBL
2025-09-22,ZEU,NA,EPCBRENT,UK Brent Crude Oil,PF4,Spot Price FOB,RBRTE,Europe Brent Spot Price FOB (Dollars per Barrel),66.87,$/BBL
2025-09-23,ZEU,NA,EPCBRENT,UK Brent Crude Oil,PF4,Spot Price FOB,RBRTE,Europe Brent Spot Price FOB (Dollars per Barrel),67.96,$/BBL
2025-09-24,ZEU,NA,EPCBRENT,UK Brent Crude Oil,PF4,Spot Price FOB,RBRTE,Europe Brent Spot Price FOB (Dollars per Barrel),69.64,$/BBL
2025-09-25,ZEU,NA,EPCBRENT,UK Brent Crude Oil,PF4,Spot Price FOB,RBRTE,Europe Brent Spot Price FOB (Dollars per Barrel),70.48,$/BBL
2025-09-26,ZEU,NA,EPCBRENT,UK Brent Crude Oil,PF4,Spot Price FOB,RBRTE,Europe Brent Spot Price FOB (Dollars per Barrel),71.15,$/BBL
2025-09-29,ZEU,NA,EPCBRENT,UK Brent Crude Oil,PF4,Spot Price FOB,RBRTE,Europe Brent Spot Price FOB (Dollars per Barrel),69,$/BBL
2025-09-30,ZEU,NA,EPCBRENT,UK Brent Crude Oil,PF4,Spot Price FOB,RBRTE,Europe Brent Spot Price FOB (Dollars per Barrel),68.52,$/BBL
2025-10-01,ZEU,NA,EPCBRENT,UK Brent Crude Oil,PF4,Spot Price FOB,RBRTE,Europe Brent Spot Price FOB (Dollars per Barrel),66.67,$/BBL
2025-10-02,ZEU,NA,EPCBRENT,UK Brent Crude Oil,PF4,Spot Price FOB,RBRTE,Europe Brent Spot Price FOB (Dollars per Barrel),65.44,$/BBL
2025-10-03,ZEU,NA,EPCBRENT,UK Brent Crude Oil,PF4,Spot Price FOB,RBRTE,Europe Brent Spot Price FOB (Dollars per Barrel),66.13,$/BBL
2025-10-06,ZEU,NA,EPCBRENT,UK Brent Crude Oil,PF4,Spot Price FOB,RBRTE,Europe Brent Spot Price FOB (Dollars per Barrel),67.09,$/BBL
2025-10-07,ZEU,NA,EPCBRENT,UK Brent Crude Oil,PF4,Spot Price FOB,RBRTE,Europe Brent Spot Price FOB (Dollars per Barrel),67.1,$/BBL
2025-10-08,ZEU,NA,EPCBRENT,UK Brent Crude Oil,PF4,Spot Price FOB,RBRTE,Europe Brent Spot Price FOB (Dollars per Barrel),67.42,$/BBL
2025-10-09,ZEU,NA,EPCBRENT,UK Brent Crude Oil,PF4,Spot Price FOB,RBRTE,Europe Brent Spot Price FOB (Dollars per Barrel),67.23,$/BBL
2025-10-10,ZEU,NA,EPCBRENT,UK Brent Crude Oil,PF4,Spot Price FOB,RBRTE,Europe Brent Spot Price FOB (Dollars per Barrel),64.41,$/BBL
2025-10-13,ZEU,NA,EPCBRENT,UK Brent Crude Oil,PF4,Spot Price FOB,RBRTE,Europe Brent Spot Price FOB (Dollars per Barrel),64.15,$/BBL
2025-10-14,ZEU,NA,EPCBRENT,UK Brent Crude Oil,PF4,Spot Price FOB,RBRTE,Europe Brent Spot Price FOB (Dollars per Barrel),63,$/BBL
2025-10-15,ZEU,NA,EPCBRENT,UK Brent Crude Oil,PF4,Spot Price FOB,RBRTE,Europe Brent Spot Price FOB (Dollars per Barrel),62.33,$/BBL
2025-10-16,ZEU,NA,EPCBRENT,UK Brent Crude Oil,PF4,Spot Price FOB,RBRTE,Europe Brent Spot Price FOB (Dollars per Barrel),61.08,$/BBL
2025-10-17,ZEU,NA,EPCBRENT,UK Brent Crude Oil,PF4,Spot Price FOB,RBRTE,Europe Brent Spot Price FOB (Dollars per Barrel),61.23,$/BBL
2025-10-20,ZEU,NA,EPCBRENT,UK Brent Crude Oil,PF4,Spot Price FOB,RBRTE,Europe Brent Spot Price FOB (Dollars per Barrel),60.71,$/BBL
2025-10-21,ZEU,NA,EPCBRENT,UK Brent Crude Oil,PF4,Spot Price FOB,RBRTE,Europe Brent Spot Price FOB (Dollars per Barrel),61,$/BBL
2025-10-22,ZEU,NA,EPCBRENT,UK Brent Crude Oil,PF4,Spot Price FOB,RBRTE,Europe Brent Spot Price FOB (Dollars per Barrel),62.28,$/BBL
2025-10-23,ZEU,NA,EPCBRENT,UK Brent Crude Oil,PF4,Spot Price FOB,RBRTE,Europe Brent Spot Price FOB (Dollars per Barrel),66.32,$/BBL
2025-10-24,ZEU,NA,EPCBRENT,UK Brent Crude Oil,PF4,Spot Price FOB,RBRTE,Europe Brent Spot Price FOB (Dollars per Barrel),65.8,$/BBL
2025-10-27,ZEU,NA,EPCBRENT,UK Brent Crude Oil,PF4,Spot Price FOB,RBRTE,Europe Brent Spot Price FOB (Dollars per Barrel),65.52,$/BBL
2025-10-28,ZEU,NA,EPCBRENT,UK Brent Crude Oil,PF4,Spot Price FOB,RBRTE,Europe Brent Spot Price FOB (Dollars per Barrel),64.03,$/BBL
2025-10-29,ZEU,NA,EPCBRENT,UK Brent Crude Oil,PF4,Spot Price FOB,RBRTE,Europe Brent Spot Price FOB (Dollars per Barrel),65.01,$/BBL
2025-10-30,ZEU,NA,EPCBRENT,UK Brent Crude Oil,PF4,Spot Price FOB,RBRTE,Europe Brent Spot Price FOB (Dollars per Barrel),65.11,$/BBL
2025-10-31,ZEU,NA,EPCBRENT,UK Brent Crude Oil,PF4,Spot Price FOB,RBRTE,Europe Brent Spot Price FOB (Dollars per Barrel),65.44,$/BBL
2025-11-03,ZEU,NA,EPCBRENT,UK Brent Crude Oil,PF4,Spot Price FOB,RBRTE,Europe Brent Spot Price FOB (Dollars per Barrel),65.79,$/BBL
2025-11-04,ZEU,NA,EPCBRENT,UK Brent Crude Oil,PF4,Spot Price FOB,RBRTE,Europe Brent Spot Price FOB (Dollars per Barrel),65.04,$/BBL
2025-11-05,ZEU,NA,EPCBRENT,UK Brent Crude Oil,PF4,Spot Price FOB,RBRTE,Europe Brent Spot Price FOB (Dollars per Barrel),63.54,$/BBL
2025-11-06,ZEU,NA,EPCBRENT,UK Brent Crude Oil,PF4,Spot Price FOB,RBRTE,Europe Brent Spot Price FOB (Dollars per Barrel),63.41,$/BBL
2025-11-07,ZEU,NA,EPCBRENT,UK Brent Crude Oil,PF4,Spot Price FOB,RBRTE,Europe Brent Spot Price FOB (Dollars per Barrel),63.72,$/BBL
2025-11-10,ZEU,NA,EPCBRENT,UK Brent Crude Oil,PF4,Spot Price FOB,RBRTE,Europe Brent Spot Price FOB (Dollars per Barrel),63.01,$/BBL
2025-11-11,ZEU,NA,EPCBRENT,UK Brent Crude Oil,PF4,Spot Price FOB,RBRTE,Europe Brent Spot Price FOB (Dollars per Barrel),63.86,$/BBL
2025-11-12,ZEU,NA,EPCBRENT,UK Brent Crude Oil,PF4,Spot Price FOB,RBRTE,Europe Brent Spot Price FOB (Dollars per Barrel),61.88,$/BBL
2025-11-13,ZEU,NA,EPCBRENT,UK Brent Crude Oil,PF4,Spot Price FOB,RBRTE,Europe Brent Spot Price FOB (Dollars per Barrel),62.14,$/BBL
2025-11-14,ZEU,NA,EPCBRENT,UK Brent Crude Oil,PF4,Spot Price FOB,RBRTE,Europe Brent Spot Price FOB (Dollars per Barrel),63.45,$/BBL
2025-11-17,ZEU,NA,EPCBRENT,UK Brent Crude Oil,PF4,Spot Price FOB,RBRTE,Europe Brent Spot Price FOB (Dollars per Barrel),63.16,$/BBL
2025-11-18,ZEU,NA,EPCBRENT,UK Brent Crude Oil,PF4,Spot Price FOB,RBRTE,Europe Brent Spot Price FOB (Dollars per Barrel),64.86,$/BBL
2025-11-19,ZEU,NA,EPCBRENT,UK Brent Crude Oil,PF4,Spot Price FOB,RBRTE,Europe Brent Spot Price FOB (Dollars per Barrel),63.78,$/BBL
2025-11-20,ZEU,NA,EPCBRENT,UK Brent Crude Oil,PF4,Spot Price FOB,RBRTE,Europe Brent Spot Price FOB (Dollars per Barrel),63.64,$/BBL
2025-11-21,ZEU,NA,EPCBRENT,UK Brent Crude Oil,PF4,Spot Price FOB,RBRTE,Europe Brent Spot Price FOB (Dollars per Barrel),62.78,$/BBL
2025-11-24,ZEU,NA,EPCBRENT,UK Brent Crude Oil,PF4,Spot Price FOB,RBRTE,Europe Brent Spot Price FOB (Dollars per Barrel),64.83,$/BBL
2025-11-25,ZEU,NA,EPCBRENT,UK Brent Crude Oil,PF4,Spot Price FOB,RBRTE,Europe Brent Spot Price FOB (Dollars per Barrel),63.99,$/BBL
2025-11-26,ZEU,NA,EPCBRENT,UK Brent Crude Oil,PF4,Spot Price FOB,RBRTE,Europe Brent Spot Price FOB (Dollars per Barrel),64.81,$/BBL
2025-11-27,ZEU,NA,EPCBRENT,UK Brent Crude Oil,PF4,Spot Price FOB,RBRTE,Europe Brent Spot Price FOB (Dollars per Barrel),64.18,$/BBL
2025-11-28,ZEU,NA,EPCBRENT,UK Brent Crude Oil,PF4,Spot Price FOB,RBRTE,Europe Brent Spot Price FOB (Dollars per Barrel),64.07,$/BBL
2025-12-01,ZEU,NA,EPCBRENT,UK Brent Crude Oil,PF4,Spot Price FOB,RBRTE,Europe Brent Spot Price FOB (Dollars per Barrel),64.22,$/BBL
2025-12-02,ZEU,NA,EPCBRENT,UK Brent Crude Oil,PF4,Spot Price FOB,RBRTE,Europe Brent Spot Price FOB (Dollars per Barrel),63.37,$/BBL
2025-12-03,ZEU,NA,EPCBRENT,UK Brent Crude Oil,PF4,Spot Price FOB,RBRTE,Europe Brent Spot Price FOB (Dollars per Barrel),63.75,$/BBL
2025-12-04,ZEU,NA,EPCBRENT,UK Brent Crude Oil,PF4,Spot Price FOB,RBRTE,Europe Brent Spot Price FOB (Dollars per Barrel),64.15,$/BBL
2025-12-05,ZEU,NA,EPCBRENT,UK Brent Crude Oil,PF4,Spot Price FOB,RBRTE,Europe Brent Spot Price FOB (Dollars per Barrel),64.42,$/BBL
2025-12-08,ZEU,NA,EPCBRENT,UK Brent Crude Oil,PF4,Spot Price FOB,RBRTE,Europe Brent Spot Price FOB (Dollars per Barrel),63.3,$/BBL
2025-12-09,ZEU,NA,EPCBRENT,UK Brent Crude Oil,PF4,Spot Price FOB,RBRTE,Europe Brent Spot Price FOB (Dollars per Barrel),62.62,$/BBL
2025-12-10,ZEU,NA,EPCBRENT,UK Brent Crude Oil,PF4,Spot Price FOB,RBRTE,Europe Brent Spot Price FOB (Dollars per Barrel),63.12,$/BBL
2025-12-11,ZEU,NA,EPCBRENT,UK Brent Crude Oil,PF4,Spot Price FOB,RBRTE,Europe Brent Spot Price FOB (Dollars per Barrel),61.87,$/BBL
2025-12-12,ZEU,NA,EPCBRENT,UK Brent Crude Oil,PF4,Spot Price FOB,RBRTE,Europe Brent Spot Price FOB (Dollars per Barrel),62.11,$/BBL
2025-12-15,ZEU,NA,EPCBRENT,UK Brent Crude Oil,PF4,Spot Price FOB,RBRTE,Europe Brent Spot Price FOB (Dollars per Barrel),61.55,$/BBL
2025-12-16,ZEU,NA,EPCBRENT,UK Brent Crude Oil,PF4,Spot Price FOB,RBRTE,Europe Brent Spot Price FOB (Dollars per Barrel),59.93,$/BBL
2025-12-17,ZEU,NA,EPCBRENT,UK Brent Crude Oil,PF4,Spot Price FOB,RBRTE,Europe Brent Spot Price FOB (Dollars per Barrel),60.61,$/BBL
2025-12-18,ZEU,NA,EPCBRENT,UK Brent Crude Oil,PF4,Spot Price FOB,RBRTE,Europe Brent Spot Price FOB (Dollars per Barrel),60.69,$/BBL
2025-12-19,ZEU,NA,EPCBRENT,UK Brent Crude Oil,PF4,Spot Price FOB,RBRTE,Europe Brent Spot Price FOB (Dollars per Barrel),61.35,$/BBL
2025-12-22,ZEU,NA,EPCBRENT,UK Brent Crude Oil,PF4,Spot Price FOB,RBRTE,Europe Brent Spot Price FOB (Dollars per Barrel),62.22,$/BBL
2025-12-23,ZEU,NA,EPCBRENT,UK Brent Crude Oil,PF4,Spot Price FOB,RBRTE,Europe Brent Spot Price FOB (Dollars per Barrel),63.7,$/BBL
2025-12-24,ZEU,NA,EPCBRENT,UK Brent Crude Oil,PF4,Spot Price FOB,RBRTE,Europe Brent Spot Price FOB (Dollars per Barrel),63.7,$/BBL
2025-12-29,ZEU,NA,EPCBRENT,UK Brent Crude Oil,PF4,Spot Price FOB,RBRTE,Europe Brent Spot Price FOB (Dollars per Barrel),63.1,$/BBL
2025-12-30,ZEU,NA,EPCBRENT,UK Brent Crude Oil,PF4,Spot Price FOB,RBRTE,Europe Brent Spot Price FOB (Dollars per Barrel),62.3,$/BBL
2025-12-31,ZEU,NA,EPCBRENT,UK Brent Crude Oil,PF4,Spot Price FOB,RBRTE,Europe Brent Spot Price FOB (Dollars per Barrel),61.35,$/BBL
2026-01-02,ZEU,NA,EPCBRENT,UK Brent Crude Oil,PF4,Spot Price FOB,RBRTE,Europe Brent Spot Price FOB (Dollars per Barrel),61.98,$/BBL
2026-01-05,ZEU,NA,EPCBRENT,UK Brent Crude Oil,PF4,Spot Price FOB,RBRTE,Europe Brent Spot Price FOB (Dollars per Barrel),63,$/BBL
2026-01-06,ZEU,NA,EPCBRENT,UK Brent Crude Oil,PF4,Spot Price FOB,RBRTE,Europe Brent Spot Price FOB (Dollars per Barrel),62.1,$/BBL
2026-01-07,ZEU,NA,EPCBRENT,UK Brent Crude Oil,PF4,Spot Price FOB,RBRTE,Europe Brent Spot Price FOB (Dollars per Barrel),61.08,$/BBL
2026-01-08,ZEU,NA,EPCBRENT,UK Brent Crude Oil,PF4,Spot Price FOB,RBRTE,Europe Brent Spot Price FOB (Dollars per Barrel),63.34,$/BBL
2026-01-09,ZEU,NA,EPCBRENT,UK Brent Crude Oil,PF4,Spot Price FOB,RBRTE,Europe Brent Spot Price FOB (Dollars per Barrel),65.11,$/BBL
2026-01-12,ZEU,NA,EPCBRENT,UK Brent Crude Oil,PF4,Spot Price FOB,RBRTE,Europe Brent Spot Price FOB (Dollars per Barrel),65.4,$/BBL
2026-01-13,ZEU,NA,EPCBRENT,UK Brent Crude Oil,PF4,Spot Price FOB,RBRTE,Europe Brent Spot Price FOB (Dollars per Barrel),67.58,$/BBL
2026-01-14,ZEU,NA,EPCBRENT,UK Brent Crude Oil,PF4,Spot Price FOB,RBRTE,Europe Brent Spot Price FOB (Dollars per Barrel),68.87,$/BBL
2026-01-15,ZEU,NA,EPCBRENT,UK Brent Crude Oil,PF4,Spot Price FOB,RBRTE,Europe Brent Spot Price FOB (Dollars per Barrel),66.16,$/BBL
2026-01-16,ZEU,NA,EPCBRENT,UK Brent Crude Oil,PF4,Spot Price FOB,RBRTE,Europe Brent Spot Price FOB (Dollars per Barrel),66.97,$/BBL
2026-01-19,ZEU,NA,EPCBRENT,UK Brent Crude Oil,PF4,Spot Price FOB,RBRTE,Europe Brent Spot Price FOB (Dollars per Barrel),66.91,$/BBL
2026-01-20,ZEU,NA,EPCBRENT,UK Brent Crude Oil,PF4,Spot Price FOB,RBRTE,Europe Brent Spot Price FOB (Dollars per Barrel),67.68,$/BBL
2026-01-21,ZEU,NA,EPCBRENT,UK Brent Crude Oil,PF4,Spot Price FOB,RBRTE,Europe Brent Spot Price FOB (Dollars per Barrel),66.72,$/BBL
2026-01-22,ZEU,NA,EPCBRENT,UK Brent Crude Oil,PF4,Spot Price FOB,RBRTE,Europe Brent Spot Price FOB (Dollars per Barrel),65.46,$/BBL
2026-01-23,ZEU,NA,EPCBRENT,UK Brent Crude Oil,PF4,Spot Price FOB,RBRTE,Europe Brent Spot Price FOB (Dollars per Barrel),68.16,$/BBL
2026-01-26,ZEU,NA,EPCBRENT,UK Brent Crude Oil,PF4,Spot Price FOB,RBRTE,Europe Brent Spot Price FOB (Dollars per Barrel),67.7,$/BBL
2026-01-27,ZEU,NA,EPCBRENT,UK Brent Crude Oil,PF4,Spot Price FOB,RBRTE,Europe Brent Spot Price FOB (Dollars per Barrel),70.28,$/BBL
2026-01-28,ZEU,NA,EPCBRENT,UK Brent Crude Oil,PF4,Spot Price FOB,RBRTE,Europe Brent Spot Price FOB (Dollars per Barrel),70.9,$/BBL
2026-01-29,ZEU,NA,EPCBRENT,UK Brent Crude Oil,PF4,Spot Price FOB,RBRTE,Europe Brent Spot Price FOB (Dollars per Barrel),71,$/BBL
2026-01-30,ZEU,NA,EPCBRENT,UK Brent Crude Oil,PF4,Spot Price FOB,RBRTE,Europe Brent Spot Price FOB (Dollars per Barrel),72.25,$/BBL
2026-02-02,ZEU,NA,EPCBRENT,UK Brent Crude Oil,PF4,Spot Price FOB,RBRTE,Europe Brent Spot Price FOB (Dollars per Barrel),67.72,$/BBL
2026-02-03,ZEU,NA,EPCBRENT,UK Brent Crude Oil,PF4,Spot Price FOB,RBRTE,Europe Brent Spot Price FOB (Dollars per Barrel),70.01,$/BBL
2026-02-04,ZEU,NA,EPCBRENT,UK Brent Crude Oil,PF4,Spot Price FOB,RBRTE,Europe Brent Spot Price FOB (Dollars per Barrel),71.15,$/BBL
2026-02-05,ZEU,NA,EPCBRENT,UK Brent Crude Oil,PF4,Spot Price FOB,RBRTE,Europe Brent Spot Price FOB (Dollars per Barrel),69.87,$/BBL
2026-02-06,ZEU,NA,EPCBRENT,UK Brent Crude Oil,PF4,Spot Price FOB,RBRTE,Europe Brent Spot Price FOB (Dollars per Barrel),70.45,$/BBL
2026-02-09,ZEU,NA,EPCBRENT,UK Brent Crude Oil,PF4,Spot Price FOB,RBRTE,Europe Brent Spot Price FOB (Dollars per Barrel),71.19,$/BBL
2026-02-10,ZEU,NA,EPCBRENT,UK Brent Crude Oil,PF4,Spot Price FOB,RBRTE,Europe Brent Spot Price FOB (Dollars per Barrel),71.01,$/BBL
2026-02-11,ZEU,NA,EPCBRENT,UK Brent Crude Oil,PF4,Spot Price FOB,RBRTE,Europe Brent Spot Price FOB (Dollars per Barrel),71.52,$/BBL
2026-02-12,ZEU,NA,EPCBRENT,UK Brent Crude Oil,PF4,Spot Price FOB,RBRTE,Europe Brent Spot Price FOB (Dollars per Barrel),69.8,$/BBL
2026-02-13,ZEU,NA,EPCBRENT,UK Brent Crude Oil,PF4,Spot Price FOB,RBRTE,Europe Brent Spot Price FOB (Dollars per Barrel),69.96,$/BBL
2026-02-16,ZEU,NA,EPCBRENT,UK Brent Crude Oil,PF4,Spot Price FOB,RBRTE,Europe Brent Spot Price FOB (Dollars per Barrel),70.81,$/BBL
2026-02-17,ZEU,NA,EPCBRENT,UK Brent Crude Oil,PF4,Spot Price FOB,RBRTE,Europe Brent Spot Price FOB (Dollars per Barrel),69.77,$/BBL
2026-02-18,ZEU,NA,EPCBRENT,UK Brent Crude Oil,PF4,Spot Price FOB,RBRTE,Europe Brent Spot Price FOB (Dollars per Barrel),71.78,$/BBL
2026-02-19,ZEU,NA,EPCBRENT,UK Brent Crude Oil,PF4,Spot Price FOB,RBRTE,Europe Brent Spot Price FOB (Dollars per Barrel),73.17,$/BBL
2026-02-20,ZEU,NA,EPCBRENT,UK Brent Crude Oil,PF4,Spot Price FOB,RBRTE,Europe Brent Spot Price FOB (Dollars per Barrel),72.75,$/BBL
2026-02-23,ZEU,NA,EPCBRENT,UK Brent Crude Oil,PF4,Spot Price FOB,RBRTE,Europe Brent Spot Price FOB (Dollars per Barrel),71.9,$/BBL
2026-02-24,ZEU,NA,EPCBRENT,UK Brent Crude Oil,PF4,Spot Price FOB,RBRTE,Europe Brent Spot Price FOB (Dollars per Barrel),71.21,$/BBL
2026-02-25,ZEU,NA,EPCBRENT,UK Brent Crude Oil,PF4,Spot Price FOB,RBRTE,Europe Brent Spot Price FOB (Dollars per Barrel),70.69,$/BBL
2026-02-26,ZEU,NA,EPCBRENT,UK Brent Crude Oil,PF4,Spot Price FOB,RBRTE,Europe Brent Spot Price FOB (Dollars per Barrel),71.66,$/BBL
2026-02-27,ZEU,NA,EPCBRENT,UK Brent Crude Oil,PF4,Spot Price FOB,RBRTE,Europe Brent Spot Price FOB (Dollars per Barrel),71.32,$/BBL
2026-03-02,ZEU,NA,EPCBRENT,UK Brent Crude Oil,PF4,Spot Price FOB,RBRTE,Europe Brent Spot Price FOB (Dollars per Barrel),77.24,$/BBL
2026-03-03,ZEU,NA,EPCBRENT,UK Brent Crude Oil,PF4,Spot Price FOB,RBRTE,Europe Brent Spot Price FOB (Dollars per Barrel),83.28,$/BBL
2026-03-04,ZEU,NA,EPCBRENT,UK Brent Crude Oil,PF4,Spot Price FOB,RBRTE,Europe Brent Spot Price FOB (Dollars per Barrel),81.56,$/BBL
2026-03-05,ZEU,NA,EPCBRENT,UK Brent Crude Oil,PF4,Spot Price FOB,RBRTE,Europe Brent Spot Price FOB (Dollars per Barrel),88.59,$/BBL
2026-03-06,ZEU,NA,EPCBRENT,UK Brent Crude Oil,PF4,Spot Price FOB,RBRTE,Europe Brent Spot Price FOB (Dollars per Barrel),95.74,$/BBL
2026-03-09,ZEU,NA,EPCBRENT,UK Brent Crude Oil,PF4,Spot Price FOB,RBRTE,Europe Brent Spot Price FOB (Dollars per Barrel),94.35,$/BBL
2026-03-10,ZEU,NA,EPCBRENT,UK Brent Crude Oil,PF4,Spot Price FOB,RBRTE,Europe Brent Spot Price FOB (Dollars per Barrel),89.84,$/BBL
2026-03-11,ZEU,NA,EPCBRENT,UK Brent Crude Oil,PF4,Spot Price FOB,RBRTE,Europe Brent Spot Price FOB (Dollars per Barrel),90.98,$/BBL
2026-03-12,ZEU,NA,EPCBRENT,UK Brent Crude Oil,PF4,Spot Price FOB,RBRTE,Europe Brent Spot Price FOB (Dollars per Barrel),102.38,$/BBL
2026-03-13,ZEU,NA,EPCBRENT,UK Brent Crude Oil,PF4,Spot Price FOB,RBRTE,Europe Brent Spot Price FOB (Dollars per Barrel),103.23,$/BBL
2026-03-16,ZEU,NA,EPCBRENT,UK Brent Crude Oil,PF4,Spot Price FOB,RBRTE,Europe Brent Spot Price FOB (Dollars per Barrel),101.04,$/BBL
2026-03-17,ZEU,NA,EPCBRENT,UK Brent Crude Oil,PF4,Spot Price FOB,RBRTE,Europe Brent Spot Price FOB (Dollars per Barrel),108.39,$/BBL
2026-03-18,ZEU,NA,EPCBRENT,UK Brent Crude Oil,PF4,Spot Price FOB,RBRTE,Europe Brent Spot Price FOB (Dollars per Barrel),118.09,$/BBL
2026-03-19,ZEU,NA,EPCBRENT,UK Brent Crude Oil,PF4,Spot Price FOB,RBRTE,Europe Brent Spot Price FOB (Dollars per Barrel),111.05,$/BBL
2026-03-20,ZEU,NA,EPCBRENT,UK Brent Crude Oil,PF4,Spot Price FOB,RBRTE,Europe Brent Spot Price FOB (Dollars per Barrel),118.42,$/BBL
2026-03-23,ZEU,NA,EPCBRENT,UK Brent Crude Oil,PF4,Spot Price FOB,RBRTE,Europe Brent Spot Price FOB (Dollars per Barrel),103.79,$/BBL
2026-03-24,ZEU,NA,EPCBRENT,UK Brent Crude Oil,PF4,Spot Price FOB,RBRTE,Europe Brent Spot Price FOB (Dollars per Barrel),108.42,$/BBL
2026-03-25,ZEU,NA,EPCBRENT,UK Brent Crude Oil,PF4,Spot Price FOB,RBRTE,Europe Brent Spot Price FOB (Dollars per Barrel),109.14,$/BBL
2026-03-26,ZEU,NA,EPCBRENT,UK Brent Crude Oil,PF4,Spot Price FOB,RBRTE,Europe Brent Spot Price FOB (Dollars per Barrel),113.39,$/BBL
2026-03-27,ZEU,NA,EPCBRENT,UK Brent Crude Oil,PF4,Spot Price FOB,RBRTE,Europe Brent Spot Price FOB (Dollars per Barrel),121.47,$/BBL
2026-03-30,ZEU,NA,EPCBRENT,UK Brent Crude Oil,PF4,Spot Price FOB,RBRTE,Europe Brent Spot Price FOB (Dollars per Barrel),121.88,$/BBL
2026-03-31,ZEU,NA,EPCBRENT,UK Brent Crude Oil,PF4,Spot Price FOB,RBRTE,Europe Brent Spot Price FOB (Dollars per Barrel),126.69,$/BBL
2026-04-01,ZEU,NA,EPCBRENT,UK Brent Crude Oil,PF4,Spot Price FOB,RBRTE,Europe Brent Spot Price FOB (Dollars per Barrel),119.56,$/BBL
2026-04-02,ZEU,NA,EPCBRENT,UK Brent Crude Oil,PF4,Spot Price FOB,RBRTE,Europe Brent Spot Price FOB (Dollars per Barrel),127.61,$/BBL
2026-04-07,ZEU,NA,EPCBRENT,UK Brent Crude Oil,PF4,Spot Price FOB,RBRTE,Europe Brent Spot Price FOB (Dollars per Barrel),138.21,$/BBL
2026-04-08,ZEU,NA,EPCBRENT,UK Brent Crude Oil,PF4,Spot Price FOB,RBRTE,Europe Brent Spot Price FOB (Dollars per Barrel),122.11,$/BBL
2026-04-09,ZEU,NA,EPCBRENT,UK Brent Crude Oil,PF4,Spot Price FOB,RBRTE,Europe Brent Spot Price FOB (Dollars per Barrel),119.03,$/BBL
2026-04-10,ZEU,NA,EPCBRENT,UK Brent Crude Oil,PF4,Spot Price FOB,RBRTE,Europe Brent Spot Price FOB (Dollars per Barrel),119.07,$/BBL
2026-04-13,ZEU,NA,EPCBRENT,UK Brent Crude Oil,PF4,Spot Price FOB,RBRTE,Europe Brent Spot Price FOB (Dollars per Barrel),123.28,$/BBL
2026-04-14,ZEU,NA,EPCBRENT,UK Brent Crude Oil,PF4,Spot Price FOB,RBRTE,Europe Brent Spot Price FOB (Dollars per Barrel),118.69,$/BBL
2026-04-15,ZEU,NA,EPCBRENT,UK Brent Crude Oil,PF4,Spot Price FOB,RBRTE,Europe Brent Spot Price FOB (Dollars per Barrel),114.93,$/BBL
2026-04-16,ZEU,NA,EPCBRENT,UK Brent Crude Oil,PF4,Spot Price FOB,RBRTE,Europe Brent Spot Price FOB (Dollars per Barrel),116.63,$/BBL
2026-04-17,ZEU,NA,EPCBRENT,UK Brent Crude Oil,PF4,Spot Price FOB,RBRTE,Europe Brent Spot Price FOB (Dollars per Barrel),98.63,$/BBL
2026-04-20,ZEU,NA,EPCBRENT,UK Brent Crude Oil,PF4,Spot Price FOB,RBRTE,Europe Brent Spot Price FOB (Dollars per Barrel),103.4,$/BBL
2026-04-21,ZEU,NA,EPCBRENT,UK Brent Crude Oil,PF4,Spot Price FOB,RBRTE,Europe Brent Spot Price FOB (Dollars per Barrel),106.14,$/BBL
2026-04-22,ZEU,NA,EPCBRENT,UK Brent Crude Oil,PF4,Spot Price FOB,RBRTE,Europe Brent Spot Price FOB (Dollars per Barrel),113.44,$/BBL
2026-04-23,ZEU,NA,EPCBRENT,UK Brent Crude Oil,PF4,Spot Price FOB,RBRTE,Europe Brent Spot Price FOB (Dollars per Barrel),113.25,$/BBL
2026-04-24,ZEU,NA,EPCBRENT,UK Brent Crude Oil,PF4,Spot Price FOB,RBRTE,Europe Brent Spot Price FOB (Dollars per Barrel),111.86,$/BBL
2026-04-27,ZEU,NA,EPCBRENT,UK Brent Crude Oil,PF4,Spot Price FOB,RBRTE,Europe Brent Spot Price FOB (Dollars per Barrel),113.89,$/BBL
2026-04-28,ZEU,NA,EPCBRENT,UK Brent Crude Oil,PF4,Spot Price FOB,RBRTE,Europe Brent Spot Price FOB (Dollars per Barrel),117.62,$/BBL
2026-04-29,ZEU,NA,EPCBRENT,UK Brent Crude Oil,PF4,Spot Price FOB,RBRTE,Europe Brent Spot Price FOB (Dollars per Barrel),124.16,$/BBL
2026-04-30,ZEU,NA,EPCBRENT,UK Brent Crude Oil,PF4,Spot Price FOB,RBRTE,Europe Brent Spot Price FOB (Dollars per Barrel),124.24,$/BBL
2026-05-01,ZEU,NA,EPCBRENT,UK Brent Crude Oil,PF4,Spot Price FOB,RBRTE,Europe Brent Spot Price FOB (Dollars per Barrel),118.26,$/BBL
2026-05-05,ZEU,NA,EPCBRENT,UK Brent Crude Oil,PF4,Spot Price FOB,RBRTE,Europe Brent Spot Price FOB (Dollars per Barrel),114.51,$/BBL
2026-05-06,ZEU,NA,EPCBRENT,UK Brent Crude Oil,PF4,Spot Price FOB,RBRTE,Europe Brent Spot Price FOB (Dollars per Barrel),103.7,$/BBL
2026-05-07,ZEU,NA,EPCBRENT,UK Brent Crude Oil,PF4,Spot Price FOB,RBRTE,Europe Brent Spot Price FOB (Dollars per Barrel),101.82,$/BBL
2026-05-08,ZEU,NA,EPCBRENT,UK Brent Crude Oil,PF4,Spot Price FOB,RBRTE,Europe Brent Spot Price FOB (Dollars per Barrel),103.48,$/BBL
2026-05-11,ZEU,NA,EPCBRENT,UK Brent Crude Oil,PF4,Spot Price FOB,RBRTE,Europe Brent Spot Price FOB (Dollars per Barrel),106.11,$/BBL
2026-05-12,ZEU,NA,EPCBRENT,UK Brent Crude Oil,PF4,Spot Price FOB,RBRTE,Europe Brent Spot Price FOB (Dollars per Barrel),111.37,$/BBL
2026-05-13,ZEU,NA,EPCBRENT,UK Brent Crude Oil,PF4,Spot Price FOB,RBRTE,Europe Brent Spot Price FOB (Dollars per Barrel),110.28,$/BBL
2026-05-14,ZEU,NA,EPCBRENT,UK Brent Crude Oil,PF4,Spot Price FOB,RBRTE,Europe Brent Spot Price FOB (Dollars per Barrel),110.91,$/BBL
2026-05-15,ZEU,NA,EPCBRENT,UK Brent Crude Oil,PF4,Spot Price FOB,RBRTE,Europe Brent Spot Price FOB (Dollars per Barrel),113.96,$/BBL
2026-05-18,ZEU,NA,EPCBRENT,UK Brent Crude Oil,PF4,Spot Price FOB,RBRTE,Europe Brent Spot Price FOB (Dollars per Barrel),116.73,$/BBL
2026-05-19,ZEU,NA,EPCBRENT,UK Brent Crude Oil,PF4,Spot Price FOB,RBRTE,Europe Brent Spot Price FOB (Dollars per Barrel),114.64,$/BBL
2026-05-20,ZEU,NA,EPCBRENT,UK Brent Crude Oil,PF4,Spot Price FOB,RBRTE,Europe Brent Spot Price FOB (Dollars per Barrel),108.93,$/BBL
2026-05-21,ZEU,NA,EPCBRENT,UK Brent Crude Oil,PF4,Spot Price FOB,RBRTE,Europe Brent Spot Price FOB (Dollars per Barrel),105.84,$/BBL
2026-05-22,ZEU,NA,EPCBRENT,UK Brent Crude Oil,PF4,Spot Price FOB,RBRTE,Europe Brent Spot Price FOB (Dollars per Barrel),106.9,$/BBL
2026-05-26,ZEU,NA,EPCBRENT,UK Brent Crude Oil,PF4,Spot Price FOB,RBRTE,Europe Brent Spot Price FOB (Dollars per Barrel),102.75,$/BBL
2026-05-27,ZEU,NA,EPCBRENT,UK Brent Crude Oil,PF4,Spot Price FOB,RBRTE,Europe Brent Spot Price FOB (Dollars per Barrel),97.11,$/BBL
2026-05-28,ZEU,NA,EPCBRENT,UK Brent Crude Oil,PF4,Spot Price FOB,RBRTE,Europe Brent Spot Price FOB (Dollars per Barrel),95.47,$/BBL
2026-05-29,ZEU,NA,EPCBRENT,UK Brent Crude Oil,PF4,Spot Price FOB,RBRTE,Europe Brent Spot Price FOB (Dollars per Barrel),92.88,$/BBL
2026-06-01,ZEU,NA,EPCBRENT,UK Brent Crude Oil,PF4,Spot Price FOB,RBRTE,Europe Brent Spot Price FOB (Dollars per Barrel),98.29,$/BBL
2026-06-02,ZEU,NA,EPCBRENT,UK Brent Crude Oil,PF4,Spot Price FOB,RBRTE,Europe Brent Spot Price FOB (Dollars per Barrel),98.49,$/BBL
2026-06-03,ZEU,NA,EPCBRENT,UK Brent Crude Oil,PF4,Spot Price FOB,RBRTE,Europe Brent Spot Price FOB (Dollars per Barrel),101.69,$/BBL
2026-06-04,ZEU,NA,EPCBRENT,UK Brent Crude Oil,PF4,Spot Price FOB,RBRTE,Europe Brent Spot Price FOB (Dollars per Barrel),98.98,$/BBL
2026-06-05,ZEU,NA,EPCBRENT,UK Brent Crude Oil,PF4,Spot Price FOB,RBRTE,Europe Brent Spot Price FOB (Dollars per Barrel),97.29,$/BBL
2026-06-08,ZEU,NA,EPCBRENT,UK Brent Crude Oil,PF4,Spot Price FOB,RBRTE,Europe Brent Spot Price FOB (Dollars per Barrel),97.46,$/BBL
2026-06-09,ZEU,NA,EPCBRENT,UK Brent Crude Oil,PF4,Spot Price FOB,RBRTE,Europe Brent Spot Price FOB (Dollars per Barrel),94.15,$/BBL
2026-06-10,ZEU,NA,EPCBRENT,UK Brent Crude Oil,PF4,Spot Price FOB,RBRTE,Europe Brent Spot Price FOB (Dollars per Barrel),95.73,$/BBL
2026-06-11,ZEU,NA,EPCBRENT,UK Brent Crude Oil,PF4,Spot Price FOB,RBRTE,Europe Brent Spot Price FOB (Dollars per Barrel),92.84,$/BBL
2026-06-12,ZEU,NA,EPCBRENT,UK Brent Crude Oil,PF4,Spot Price FOB,RBRTE,Europe Brent Spot Price FOB (Dollars per Barrel),88.64,$/BBL
2026-06-15,ZEU,NA,EPCBRENT,UK Brent Crude Oil,PF4,Spot Price FOB,RBRTE,Europe Brent Spot Price FOB (Dollars per Barrel),84.36,$/BBL
2026-06-16,ZEU,NA,EPCBRENT,UK Brent Crude Oil,PF4,Spot Price FOB,RBRTE,Europe Brent Spot Price FOB (Dollars per Barrel),80.5,$/BBL
2026-06-17,ZEU,NA,EPCBRENT,UK Brent Crude Oil,PF4,Spot Price FOB,RBRTE,Europe Brent Spot Price FOB (Dollars per Barrel),80.33,$/BBL
2026-06-18,ZEU,NA,EPCBRENT,UK Brent Crude Oil,PF4,Spot Price FOB,RBRTE,Europe Brent Spot Price FOB (Dollars per Barrel),79.35,$/BBL
2026-06-19,ZEU,NA,EPCBRENT,UK Brent Crude Oil,PF4,Spot Price FOB,RBRTE,Europe Brent Spot Price FOB (Dollars per Barrel),80.46,$/BBL
2026-06-22,ZEU,NA,EPCBRENT,UK Brent Crude Oil,PF4,Spot Price FOB,RBRTE,Europe Brent Spot Price FOB (Dollars per Barrel),76.49,$/BBL
2026-06-23,ZEU,NA,EPCBRENT,UK Brent Crude Oil,PF4,Spot Price FOB,RBRTE,Europe Brent Spot Price FOB (Dollars per Barrel),75.69,$/BBL
2026-06-24,ZEU,NA,EPCBRENT,UK Brent Crude Oil,PF4,Spot Price FOB,RBRTE,Europe Brent Spot Price FOB (Dollars per Barrel),72.09,$/BBL
2026-06-25,ZEU,NA,EPCBRENT,UK Brent Crude Oil,PF4,Spot Price FOB,RBRTE,Europe Brent Spot Price FOB (Dollars per Barrel),73.74,$/BBL
2026-06-26,ZEU,NA,EPCBRENT,UK Brent Crude Oil,PF4,Spot Price FOB,RBRTE,Europe Brent Spot Price FOB (Dollars per Barrel),70.16,$/BBL
2026-06-29,ZEU,NA,EPCBRENT,UK Brent Crude Oil,PF4,Spot Price FOB,RBRTE,Europe Brent Spot Price FOB (Dollars per Barrel),71.59,$/BBL
2026-06-30,ZEU,NA,EPCBRENT,UK Brent Crude Oil,PF4,Spot Price FOB,RBRTE,Europe Brent Spot Price FOB (Dollars per Barrel),70.46,$/BBL
2026-07-01,ZEU,NA,EPCBRENT,UK Brent Crude Oil,PF4,Spot Price FOB,RBRTE,Europe Brent Spot Price FOB (Dollars per Barrel),69.24,$/BBL
2026-07-02,ZEU,NA,EPCBRENT,UK Brent Crude Oil,PF4,Spot Price FOB,RBRTE,Europe Brent Spot Price FOB (Dollars per Barrel),68.53,$/BBL
2026-07-03,ZEU,NA,EPCBRENT,UK Brent Crude Oil,PF4,Spot Price FOB,RBRTE,Europe Brent Spot Price FOB (Dollars per Barrel),68.68,$/BBL
2026-07-06,ZEU,NA,EPCBRENT,UK Brent Crude Oil,PF4,Spot Price FOB,RBRTE,Europe Brent Spot Price FOB (Dollars per Barrel),69.56,$/BBL
2026-07-07,ZEU,NA,EPCBRENT,UK Brent Crude Oil,PF4,Spot Price FOB,RBRTE,Europe Brent Spot Price FOB (Dollars per Barrel),71.78,$/BBL
2026-07-08,ZEU,NA,EPCBRENT,UK Brent Crude Oil,PF4,Spot Price FOB,RBRTE,Europe Brent Spot Price FOB (Dollars per Barrel),76.5,$/BBL
2026-07-09,ZEU,NA,EPCBRENT,UK Brent Crude Oil,PF4,Spot Price FOB,RBRTE,Europe Brent Spot Price FOB (Dollars per Barrel),74.46,$/BBL
2026-07-10,ZEU,NA,EPCBRENT,UK Brent Crude Oil,PF4,Spot Price FOB,RBRTE,Europe Brent Spot Price FOB (Dollars per Barrel),74.34,$/BBL
2026-07-13,ZEU,NA,EPCBRENT,UK Brent Crude Oil,PF4,Spot Price FOB,RBRTE,Europe Brent Spot Price FOB (Dollars per Barrel),81.62,$/BBL
